Domain,Name,signal_category,chosen_signal,first_message,second_message,third_message
feedcoyote.com,Feedcoyote,performance,slow load + layout shift (real-user poor),"Hey {first-name}, came across Feedcoyote while looking at B2B SaaS sites.
A place where freelancers team up and earn together is the kind of thing that spreads creative to creative, so I'd guess most of your growth is word of mouth.
Which puts weight on the first visit, and right now the site is slow to load and shifts around as it settles, the easiest high-impact thing to fix.
At over 45k visits a month, getting that fast keeps more of those creatives signing up.
Is site performance something you're looking at?","Hey {first-name}, quick context, we're a design and Webflow studio. We recently worked with Studio Artegra, a creative agency, on a problem pretty close to yours, a site that looked fine but was slow and inconsistent under the surface.
https://prismport.co/case-studies/studio-artegra
We improved performance by over 25% across the site, which for Feedcoyote at your traffic means a faster, steadier first visit for more of those creatives.
Happy to show you how we'd approach yours.","Hey {first-name}, I'll leave this with you for now. Whenever it feels like the right time, I'd be glad to talk through how we'd approach it."
nca.org/,National Cryptocurrency Association,content,thin proof / credibility for a content hub,"Hey {first-name}, came across the National Cryptocurrency Association while looking at crypto and web3 products. Making a genuinely confusing space feel approachable for everyday people is a mission worth doing, and I'd guess most of your growth comes through reputation and press. Which puts the weight on newcomers landing cold, and right now the site stays fairly high-level, more mission than proof, so there's real room to make it carry the depth and credibility that gets first-timers to trust it. At over 25k visits a month, a site that backs up the mission converts more of those curious people into the community. Is building out the site something you're thinking about?","Hey {first-name}, quick context, we're a design and Webflow studio. We worked with NewsCatcher, an enterprise API company, on a problem close to yours, their site stayed single-page and thin even though the product itself backed up serious credibility, so we restructured it around real use cases and built animations to explain the depth behind it.
https://prismport.co/case-studies/newscatcher
Session time went from around 20 seconds to over 3 minutes, 3,600% more engagement, which is the kind of shift that matters at your 25k+ monthly visits, more of those first-timers actually staying long enough to trust the mission.
Happy to show you how we'd approach yours.","Hey {first-name}, totally understand if this isn't top of mind right now. It'll keep, so reach out whenever you'd like to dig into it."
www.pin.com,Pin,performance,load + responsiveness needs-improvement,"Hey {first-name}, came across Pin while looking at AI tools.
Your content makes a strong case, and I'd guess a lot of your growth is recruiters and teams passing it along.
The one thing with room is speed, the site takes a moment to load and react right now, which adds friction for busy people skimming fast.
At over 160k visits a month, making it feel quick keeps more of those visitors moving through.
Is site performance something you're looking at?","Hey {first-name}, quick context, we're a design and Webflow studio. We recently worked with Studio Artegra, a creative agency, on a problem close to yours, their site looked strong but was slow and inconsistent across devices under the surface. We went page by page and fixed it.
https://prismport.co/case-studies/studio-artegra
Performance improved by over 25% across the site, that's the kind of gain that keeps more of your 160k monthly visitors moving through instead of dropping off.
Happy to show you how we'd approach it for Pin.","Hey {first-name}, no rush on this at all. If it ever moves up your list, I'm happy to jump on a quick call and show you what we'd do."
gobeheard.com,BeHeard Labs,design,competent but undistinctive design,"Hey {first-name}, came across BeHeard while looking at AI tools. Collecting and analyzing customer feedback through conversational agents is a strong pitch, and I'd guess a lot of your growth is teams sharing the results they get. Your content is genuinely exceptional, some of the clearest I've seen, so the one lever left is the design, it's competent and clean but doesn't quite stand out yet, and there's room to make it feel as strong as the writing. At over 44k visits a month, a sharper site converts more of those businesses landing cold. Is a refresh something you're exploring?","Hey {first-name}, quick context, we're a design and Webflow studio. We recently worked with Webless AI, a generative AI search company, on a problem close to yours, their tech was impressive but the site's design wasn't doing it justice, so we rebuilt the brand and grounded the product in real use cases.
https://prismport.co/case-studies/webless-ai
Bounce rate dropped 20% and time on page grew 32%, that's the kind of lift a sharper design could bring to the businesses already landing on BeHeard cold. Happy to show you how we'd approach yours.","Hey {first-name}, I'll leave this with you for now. Whenever it feels like the right time, I'd be glad to talk through how we'd approach it."
mindy.com,Mindy,performance,real-user load poor (6.5s),"Hey {first-name}, came across Mindy while looking at AI tools.
An assistant that works straight from your inbox is the kind of thing people share once it clicks, so I'd guess a lot of growth is word of mouth.
The biggest thing holding that back right now is speed, the site is genuinely slow to load, which is friction before anyone sees the value.
At around 40k visits a month, getting that fast keeps more of those people around to convert.
Is performance something you're digging into?","Hey {first-name}, quick context, we're a design and Webflow studio. We recently worked with Studio Artegra, a creative agency, on a problem pretty close to yours, a site that looked good but was slow and inconsistent under the surface.
https://prismport.co/case-studies/studio-artegra
We improved performance by over 25% across the site, and at Mindy's traffic that kind of gain means a lot more people sticking around to actually try it.
Happy to show you how we'd approach yours.","Hey {first-name}, I'll stop here so I'm not crowding your inbox. Whenever the timing's right for a quick chat, I'm around and happy to help."
megaphone.xyz/,"Contribution Labs, Inc.",design,brand can feel as sharp as the client results,"Hey {first-name}, came across Contribution Labs in the crypto marketing space.
Pulling off something like SQD's $6.5m presale in 19 minutes is the kind of result that sells itself, so I'd guess most of your new business comes through reputation and referrals.
Which means the site mainly needs to win the people who find you cold, and the brand there has room to feel as sharp as the results you get clients.
Even a handful of those cold visitors converting is real pipeline for a brand that sells marketing.
Is leveling up the site on the radar?","Hey {first-name}, quick context, we're a design and Webflow studio.
We recently worked with Webless AI, a generative AI search company, on a close version of what you're dealing with, their product was strong but the brand and story around it weren't landing with cold visitors.
https://prismport.co/case-studies/webless-ai
After the rebuild, bounce rate dropped 20% and time on page grew 32%, which is exactly the kind of lift that turns cold traffic into pipeline for a brand like yours.
Happy to show you how we'd approach yours.","Hey {first-name}, I'll stop here so I'm not crowding your inbox. Whenever the timing's right for a quick chat, I'm around and happy to help."
www.thelegionai.com/,Legion AI,design,template-y design with placeholders,"Hey {first-name}, came across Legion while looking at dev tools. Letting customers put AI to work on their data is a strong idea, and your content explains it clearly and persuasively. The one lever left is the design, it feels like a default template with placeholders in spots right now, so there's room to make it as distinctive as the product itself. At over 15k visits a month, a sharper site converts more of the people landing cold. Is a refresh something you're exploring?","Hey {first-name}, quick context, we're a design and Webflow studio. We recently worked with Webless AI, an AI search company, on a problem close to yours, their tech was impressive but the site gave visitors no way in, so we rebuilt the brand from scratch and restructured the narrative around real use cases.
https://prismport.co/case-studies/webless-ai
Bounce rate dropped 20% and time on page grew 32%, that's the kind of lift a sharper design could bring to your 15k monthly visitors too.
Happy to show you how we'd approach yours if that's useful.","Hey {first-name}, totally understand if this isn't top of mind right now. It'll keep, so reach out whenever you'd like to dig into it."
www.fallcall.com,"FallCall Solutions, LLC",design,generic design vs warm/trust product,"Hey {first-name}, came across FallCall while looking at consumer apps. Simplifying communication for older people and their families is a genuinely meaningful product, and your content and news coverage build real credibility. The one lever left is the design, it's functional but fairly generic right now, so there's room to make the site feel as warm and reassuring as the product. A more considered site would help more of the families landing cold feel they can trust it. Is a refresh on your radar?","Hey {first-name}, quick context, we're a design and Webflow studio.
We worked with Wonder Phone, a consumer hardware product, on something close to your situation, a genuinely exceptional product whose website wasn't doing it justice for the people considering it.
https://prismport.co/case-studies/wondersimple
We rebuilt the experience around the product itself, and sales increased by over 50% after launch. For FallCall, that same kind of considered design is what would help families landing cold feel the warmth and trust your product deserves.
Happy to show you how we'd approach yours.","Hey {first-name}, I'll leave this with you for now. Whenever it feels like the right time, I'd be glad to talk through how we'd approach it."
salmonrun.ai,Salmon Labs,content,thin verifiable proof / depth,"Hey {first-name}, came across Salmon while looking at B2B SaaS sites. Real-time prospect insights for enterprise growth teams is a strong pitch, and the site already looks sharp, the dark theme with the coral accent is well done. The one lever left is the content, it explains the what but stays light on verifiable proof right now, so there's room to give serious buyers more to trust. A fuller site would help more of the teams landing cold commit. Is building out the site something you're weighing?","Hey {first-name}, quick context, we're a design and Webflow studio. We worked with NewsCatcherAPI, an enterprise news intelligence API used by Samsung and major financial institutions, on a problem close to yours, their site stayed on a single page and wasn't giving enterprise buyers enough depth to see how the product actually worked.
https://prismport.co/case-studies/newscatcher
After we restructured the content around real use cases and built interactive animations to explain the workflows, session time went from around 20 seconds to over 3 minutes, 3,600% more engagement, that's the kind of shift a fuller, proof-backed site could bring for the teams landing on Salmon cold.
Happy to show you how we'd approach yours if useful.","Hey {first-name}, no rush on this at all. If it ever moves up your list, I'm happy to jump on a quick call and show you what we'd do."
www.delphina.ai/,Delphina,design,established / generic startup design,"Hey {first-name}, came across Delphina while looking at AI tools. An AI data scientist that helps teams drive impact faster is a strong pitch, and your content explains it really well with specific examples. The one lever left is the design, it's clean but sticks to established startup patterns right now, so there's room to make it feel as advanced as the product. A more distinctive site would help more of the data teams landing cold take it seriously. Is a refresh something you're exploring?","Hey {first-name}, quick context, we're a design and Webflow studio. We recently worked with Webless AI, in generative AI search, who had a similar challenge, their technology was impressive but the website gave no one a way in, so we rebuilt the brand from scratch and restructured the narrative around real use cases.
https://prismport.co/case-studies/webless-ai
Bounce rate dropped 20% and time on page grew 32%, that's the kind of shift a more distinctive design could bring for Delphina too, giving cold visitors a reason to stick around and take the product seriously.
Happy to show you how we'd approach yours.","Hey {first-name}, I'll leave this with you for now. Whenever it feels like the right time, I'd be glad to talk through how we'd approach it."
copley.com,Copley,design,generic dark-mode SaaS design,"Hey {first-name}, came across Copley while looking at AI tools. Helping teams experiment with and optimize their content is a strong pitch, and your testimonials and feature explanations do a nice job. The one lever left is the design, it's a clean dark-mode look but sticks close to the generic SaaS aesthetic right now, so there's room to make it feel as distinctive as the product. A sharper site would help more of the teams landing cold take a closer look. Is a refresh on your radar?","Hey {first-name}, quick context, we're a design and Webflow studio. We recently worked with Webless AI, a generative AI search tool, on a similar challenge, their product was strong but the design was generic and didn't do it justice, so we rebuilt the brand and narrative from scratch.
https://prismport.co/case-studies/webless-ai
Bounce rate dropped 20% and time on page grew 32%, that's the kind of lift a more distinctive design could bring for Copley too.
Happy to show you how we'd approach yours.","Hey {first-name}, no rush on this at all. If it ever moves up your list, I'm happy to jump on a quick call and show you what we'd do."
getmentum.com,Mentum,design,generic design for a developer API,"Hey {first-name}, came across Mentum while looking at fintech products. An API that lets fintechs offer investment services is a strong, developer-facing product, and your content explains the email-first approach really well. The one lever left is the design, it's clean but fairly generic right now, and a developer audience notices craft, so there's room to make it as distinctive as the product. A sharper site would help more of the teams landing cold take it seriously. Is a refresh something you're exploring?","Hey {first-name}, quick context, we're a design and Webflow studio. We recently worked with Webless AI, a generative AI search company, on a problem close to yours, their tech was impressive but the site gave visitors no way in, so we rebuilt the brand and the narrative around real use cases.
https://prismport.co/case-studies/webless-ai
Bounce rate dropped 20% and time on page grew 32%, which is the kind of shift a more distinctive site could bring for the developer teams landing on Mentum cold.
Happy to show you how we'd approach yours if useful.","Hey {first-name}, no rush on this at all. If it ever moves up your list, I'm happy to jump on a quick call and show you what we'd do."
rellingsystems.com,Relling,design,template-driven / generic design,"Hey {first-name}, came across Relling while looking at AI tools. Modular tools for system integration and validation is a sharp, technical pitch, and your content explains the process really clearly. The one lever left is the design, it feels fairly template-driven right now, so there's room to make it as distinctive as the product. A sharper site would help more of the technical teams landing cold take a closer look. Is a refresh on your radar?","Hey {first-name}, quick context, we're a design and Webflow studio. We recently worked with Webless AI, a generative AI search company, with a similar challenge to what you've got. Their tech was impressive but the site gave visitors no way in, so we rebuilt the brand and narrative around real use cases:
https://prismport.co/case-studies/webless-ai
Bounce rate dropped 20% and time on page grew 32%, that's the kind of shift a sharper design could bring for Relling too, especially with technical teams landing cold. Happy to show you how we'd approach yours.","Hey {first-name}, totally understand if this isn't top of mind right now. It'll keep, so reach out whenever you'd like to dig into it."
mountainprotocol.com,Mountain Protocol,design,generic dark crypto design,"Hey {first-name}, came across Mountain Protocol while looking at crypto and web3 products. A secure, regulated way to access the risk-free rate is a trust-heavy pitch, and your content backs it with real detail. The one lever left is the design, it leans on the standard dark crypto look right now, so there's room to make it feel as credible and enterprise-grade as the product. A sharper site would help more of the people landing cold trust it. Is a refresh something you're weighing?","Hey {first-name}, quick context, we're a design and Webflow studio.
We recently worked with Webless AI, an AI company, on a problem close to yours, their tech was solid but the generic design gave cold visitors no reason to trust it.
https://prismport.co/case-studies/webless-ai
After we rebuilt the brand and narrative, bounce rate dropped 20% and time on page grew 32%, that's the kind of trust lift a sharper, more credible design could bring for Mountain Protocol with cold visitors evaluating a regulated product.
Happy to show you how we'd approach yours if useful.","Hey {first-name}, I'll leave this with you for now. Whenever it feels like the right time, I'd be glad to talk through how we'd approach it."
trials.ai/,Trials.ai,content,thin deep credibility for a clinical buyer,"Hey {first-name}, came across Trials while looking at health tech sites. Using AI to optimize trial protocols for speed and success is a genuinely important mission, and your content explains the offering clearly. The one lever left is credibility, the site is light on deep proof right now, and clinical buyers do serious due diligence, so there's room to give them much more to trust. A fuller site would help more of the teams landing cold commit. Is building out the site something you're weighing?","Hey {first-name}, quick context, we're a design and Webflow studio. We worked with Amalia, a life sciences company, on a close version of this problem, their buyers are pharma manufacturers who need real depth before they trust a vendor, so we built the site as a component system that could support far more substance without breaking design consistency.
https://prismport.co/case-studies/amalia-tech
Around 25 of the 44 pages were built by their own non-technical team, and for Trials that kind of structure would mean you could keep adding the credibility clinical buyers need without needing a designer for every page.
Happy to show you how we'd approach yours.","Hey {first-name}, I'll leave this with you for now. Whenever it feels like the right time, I'd be glad to talk through how we'd approach it."
www.herdora.com/,Wafer,design,standard-layout design,"Hey {first-name}, came across Wafer while looking at dev tools. Latency-optimized inference built for your stack is a sharp, technical pitch, and your content backs it with specific numbers. The wafer illustration is a great anchor, so the one lever left is that the rest leans on standard layouts right now, and there's room to make the whole site as distinctive as that. A sharper site would help more of the technical teams landing cold take a closer look. Is a refresh something you're thinking about?","Hey {first-name}, quick context, we're a design and Webflow studio. We recently worked with Webless AI, a generative AI search company, on a problem pretty close to yours. Their tech was impressive but the site gave visitors no way in, so we rebuilt the brand and narrative around real use cases and added animation to make the product tangible:
https://prismport.co/case-studies/webless-ai
Bounce rate dropped 20% and time on page grew 32%, and a similar distinctiveness push could help more of the technical teams landing on Wafer cold stick around and dig in.
Happy to show you how we'd approach yours.","Hey {first-name}, I'll stop here so I'm not crowding your inbox. Whenever the timing's right for a quick chat, I'm around and happy to help."
ascentralabs.ai/,Ascentra Labs,content,unnamed testimonials / thin credibility,"Hey {first-name}, came across Ascentra while looking at AI tools. Automating high-repeatability consulting work is a strong pitch, and honestly your site already looks refined, the typography and dark mode genuinely stand out. The one lever left is credibility, the testimonials are unnamed right now, so there's room to make the proof land harder for the firms weighing you up. Concrete, named proof would help more of the people landing cold trust it. Is that something you're looking at?","Hey {first-name}, quick context, we're a design and Webflow studio. We worked with Amalia, a life sciences platform, on a problem close to yours, they needed the site to carry real authority for a technical, skeptical audience evaluating them cold.
https://prismport.co/case-studies/amalia-tech
Around 25 of their 44 pages ended up built by their own non-technical team once the system was solid, and that same kind of structure is what makes room for stronger, named proof to actually land on a page like yours.
Happy to show you how we'd approach yours if useful.","Hey {first-name}, totally understand if this isn't top of mind right now. It'll keep, so reach out whenever you'd like to dig into it."
taholabs.com,TAHO,design,typical tech-startup design,"Hey {first-name}, came across TAHO while looking at dev tools. It's a trust-heavy, technical space, and your content is genuinely strong, specific data and a clear, well-structured value proposition. The one lever left is the design, it's clean with a nice custom graphic but leans fairly typical right now, so there's room to make it as distinctive as the product. A sharper site would help more of the technical teams landing cold take a closer look. Is a refresh on your radar?","Hey {first-name}, quick context, we're a design and Webflow studio. We worked with Webless AI, a generative AI search company, on a problem close to yours, a technical product whose site didn't reflect how strong it actually was. We rebuilt the brand and used animation to make the abstract product tangible.
https://prismport.co/case-studies/webless-ai
Bounce rate dropped 20% and time on page grew 32%, that's the kind of lift a sharper design could bring for TAHO with technical teams landing cold. Happy to show you how we'd approach yours.","Hey {first-name}, I'll leave this with you for now. Whenever it feels like the right time, I'd be glad to talk through how we'd approach it."
zettatech.sa.com,Zetta Technologies,design,competent but generic design,"Hey {first-name}, came across Zetta while looking at dev tools. A distinctive DaaS business model is a genuinely interesting angle, and your content gives a clear overview with some quantified benefits. The one lever left is the design, it's clean but fairly generic right now, so there's room to make it feel as differentiated as the offering. A sharper site would help more of the businesses landing cold take a closer look. Is a refresh something you're weighing?","Hey {first-name}, quick context, we're a design and Webflow studio. We recently worked with YourCulture, a media and entertainment brand, on a similar challenge, their site was live but said almost nothing distinctive, so we rebuilt it with two full journeys, expressive typography, and motion to give it a real identity.
https://prismport.co/case-studies/your-culture
They ended up with a 97 on Lighthouse, with perfect accessibility and SEO, and for Zetta the win would be a site that finally feels as distinctive as your DaaS model.
Happy to show you how we'd approach yours if useful.","Hey {first-name}, I'll stop here so I'm not crowding your inbox. Whenever the timing's right for a quick chat, I'm around and happy to help."
loon.finance,Loon,design,conventional / generic design,"Hey {first-name}, came across Loon while looking at crypto and web3 products. A transparent, regulated Canadian-dollar stablecoin is a trust-heavy product, and your content already builds real credibility with named partners and attestation detail. The one lever left is the design, it's clean but fairly conventional right now, so there's room to make it feel as credible and distinctive as the product. A sharper site would help more of the people landing cold trust it. Is a refresh on your radar?","Hey {first-name}, quick context, we're a design and Webflow studio. We recently worked with Amalia, a life sciences company, with a problem close to yours, they operate in dense, regulated work where credibility depends on how the site carries itself, and the design needed to hold that weight without ever drifting off brand. We built it as a component system with deliberate structure so it stayed sharp and consistent no matter who maintained it.
https://prismport.co/case-studies/amalia-tech
Around 25 of their 44 pages ended up built by their own non-technical team, for Loon that same kind of considered, distinctive design would help more of your cold traffic trust the product the moment they land. Happy to show you how we'd approach yours.","Hey {first-name}, totally understand if this isn't top of mind right now. It'll keep, so reach out whenever you'd like to dig into it."
www.nursesbnb.com/,Nursesbnb,design,generic / stock-heavy design vs niche brand,"Hey {first-name}, came across Nursesbnb while looking at consumer apps. A mid-term rental marketplace built specifically for healthcare pros is a sharp niche, and the 'by nurses, for nurses' message is a strong hook. The one lever left is the design, it leans on generic stock elements right now, so there's room to make it feel as distinctive and trustworthy as that message. A sharper site would help more of the nurses and hosts landing cold sign up. Is a refresh something you're weighing?","Hey {first-name}, quick context, we're a design and Webflow studio. We recently worked with YourCulture, a media and entertainment brand, on a similar challenge to yours, their site had a strong niche identity but a generic single page that said almost nothing about it. We rebuilt it with two full journeys and expressive design that actually matched their brand.
https://prismport.co/case-studies/your-culture
They ended up scoring 97 on Lighthouse with perfect accessibility and SEO, and for Nursesbnb the win would be the same idea, a site that finally looks as distinctive and trustworthy as your message, which should help more cold visitors sign up.
Happy to show you how we'd approach yours.","Hey {first-name}, no rush on this at all. If it ever moves up your list, I'm happy to jump on a quick call and show you what we'd do."
ariga.io,Ariga Technologies,content,extremely thin content,"Hey {first-name}, came across Ariga while looking at dev tools. The quickest, safest way to manage schema changes is a real pain point for engineering teams, and the site already has a nice palette and custom hero. The one lever left is substance, the content is quite thin right now, so there's real room to show cold visitors how it actually works and why it's safer. A fuller site would help more of the teams landing cold engage further. Is building out the site something you're thinking about?","Hey {first-name}, quick context, we're a design and Webflow studio. We recently worked with NewsCatcherAPI, an enterprise API company, on a problem close to Ariga's, their site was too thin to explain complex workflows to cold engineering visitors, so we restructured it around real use cases with interactive animations.
https://prismport.co/case-studies/newscatcher
Session time went from around 20 seconds to over 3 minutes, 3,600% more engagement, which is the kind of lift a fuller site could bring for teams landing on Ariga cold.
Happy to show you how we'd approach yours if useful.","Hey {first-name}, I'll stop here so I'm not crowding your inbox. Whenever the timing's right for a quick chat, I'm around and happy to help."
www.stackfix.com/,Stackfix,design,safe / predictable design,"Hey {first-name}, came across Stackfix while looking at B2B SaaS sites. Helping companies pick the right software is a genuinely useful service, and your mini case study adds real quantified credibility. The one lever left is the design, every choice feels safe and predictable right now, so there's room to make it as distinctive as the service. A sharper site would help more of the buyers landing cold trust it. Is a refresh on your radar?","Hey {first-name}, quick context, we're a design and Webflow studio. We recently worked with Webless AI, an AI company, on a problem pretty close to yours, their site was technically solid but didn't feel distinctive enough to build trust fast. We rebuilt the brand and restructured the narrative around real use cases.
https://prismport.co/case-studies/webless-ai
Bounce rate dropped 20% and time on page grew 32%, that's the kind of lift a sharper design could bring for the cold buyers landing on Stackfix. Happy to show you how we'd approach yours.","Hey {first-name}, no rush on this at all. If it ever moves up your list, I'm happy to jump on a quick call and show you what we'd do."
nexus.olaxbt.xyz/,OlaXBT,content,thin credibility / weak CTA,"Hey {first-name}, came across OlaXBT while looking at AI tools. An AI agent that surfaces high-value trading signals is a strong pitch, and the site already looks sharp, the 3D illustration and dark palette are well done. The one lever left is credibility, the content explains the tech well but is light on proof and a clear next step right now, so there's room to give cold visitors more to trust and act on. A more credible site would help more of them convert. Is building out the site something you're weighing?","Hey {first-name}, quick context, we're a design and Webflow studio.
We worked with Webless AI, a generative AI search company, on a close problem, the technology was impressive but the site gave visitors no way in or reason to trust it, so we rebuilt the brand and restructured the narrative around real use cases with animation to make the product tangible.
https://prismport.co/case-studies/webless-ai
Bounce rate dropped 20% and time on page grew 32%, and that's the kind of lift OlaXBT could see by giving cold visitors more proof and a clearer next step.
Happy to show you how we'd approach yours.","Hey {first-name}, no rush on this at all. If it ever moves up your list, I'm happy to jump on a quick call and show you what we'd do."
cardiomo.com/,Cardiomo,design,generic / assembled-from-parts design,"Hey {first-name}, came across Cardiomo while looking at AI tools. Wearable remote cardiac monitoring is a serious, trust-heavy product, and your content already covers the features and benefits well. The one lever left is the design, it feels assembled from standard parts right now, so there's room to make it feel as considered and credible as a medical device should. A sharper site would help more of the people landing cold trust it. Is a refresh something you're weighing?","Hey {first-name}, quick context, we're a design and Webflow studio. We recently worked with Wonder Phone, a consumer hardware brand, on a challenge close to yours, the product itself was excellent, but the website wasn't giving it the presentation it deserved, so we designed a scroll-driven 3D experience built around the product's own details.
https://prismport.co/case-studies/wondersimple
Sales increased by over 50% after launch, and that same kind of presentation is what would help Cardiomo's device feel as trustworthy and considered as it actually is.
Happy to show you how we'd approach yours if useful.","Hey {first-name}, I'll stop here so I'm not crowding your inbox. Whenever the timing's right for a quick chat, I'm around and happy to help."
www.adviceanalytics.com,"Advice Analytics, Inc.",design,generic design,"Hey {first-name}, came across Advice Analytics while looking at fintech products. Email AI and predictive analytics for 401(k) is a specific, useful niche, and your content already gives good, credible examples. The one lever left is the design, it's clean but fairly generic right now, so there's room to make it feel as distinctive as the product. A sharper site would help more of the people landing cold take a closer look. Is a refresh something you're exploring?","Hey {first-name}, quick context, we're a design and Webflow studio. We recently worked with Webless AI, a generative AI search company, on a problem close to yours, a technically strong product whose site felt generic and didn't help visitors take it seriously. We rebuilt the brand and the narrative around real use cases:
https://prismport.co/case-studies/webless-ai
Bounce rate dropped 20% and time on page grew 32%, that's the kind of lift a sharper, more distinctive design could bring to Advice Analytics too. Happy to show you how we'd approach yours.","Hey {first-name}, I'll leave this with you for now. Whenever it feels like the right time, I'd be glad to talk through how we'd approach it."
www.thunderbirds.me,Thunderbirds,design,very early-draft site,"Hey {first-name}, came across Thunderbirds while looking at AI tools. A frameworks platform spanning AR, VR, and mixed reality is a genuinely ambitious product. The site looks like it's still early right now, which honestly means a clean slate, there's real room to give it an identity as advanced as the tech behind it. A considered site would help more of the people landing cold take it seriously. Is building out the site something you're thinking about?","Hey {first-name}, quick context, we're a design and Webflow studio. We recently worked with Webless AI, a generative AI search company, on a close version of this, their tech was genuinely impressive but the site gave visitors no way to place it, so we rebuilt the brand and design from scratch.
https://prismport.co/case-studies/webless-ai
Bounce rate dropped 20% and time on page grew 32%, that's the kind of shift a considered identity could bring to Thunderbirds too.
Happy to show you how we'd approach yours.","Hey {first-name}, totally understand if this isn't top of mind right now. It'll keep, so reach out whenever you'd like to dig into it."
www.doorlist.app,DoorList,design,"sparse, generic design (48)","Hey {first-name}, came across DoorList while looking at tech sites.
Ticketed social events live and die on word of mouth, so I'd guess a lot of your growth comes from hosts and guests sharing it.
The site is clean but quite sparse below the fold, so there's room to make it feel as lively as the events it powers and tell the story more fully.
At around 30k visits a month, a richer site converts more of the people landing cold.
Is a refresh on your radar?","Hey {first-name}, quick context, we're a design and Webflow studio.
We worked with YourCulture, a platform that activates fan communities for artists and labels, on a close version of your problem: their site was a single page that said almost nothing about what they actually did.
https://prismport.co/case-studies/your-culture
We built out two full journeys with expressive typography and motion, and it scored 97 on Lighthouse with perfect accessibility and SEO, for DoorList that kind of richer build is what turns more of your 30k monthly visitors into hosts and guests.
Happy to sketch out how we'd approach a refresh for DoorList if useful.","Hey {first-name}, I'll leave this with you for now. Whenever it feels like the right time, I'd be glad to talk through how we'd approach it."
sherloqdata.io,Sherloq,design,"safe, undistinctive design","Hey {first-name}, came across Sherloq while looking at AI tools. A tool for collaborating on SQL with AI tends to spread inside data teams, one analyst bringing it to the next, so I'd guess a lot of your growth is warm, which means the site mostly needs to win the teams discovering you cold. The content is strong, named testimonials and real logos already there. The lever left is the design, it plays it fairly safe right now, so there's room to make it feel as sharp as the product. At 12k visits a month, that helps more cold data teams take it seriously on first look. Is a refresh on your radar?","Hey {first-name}, quick context, we're a design and Webflow studio. We recently worked with Webless AI, in the AI space, with a similar challenge to what you've got, a technical product where the design wasn't matching how impressive the tech actually was. We rebuilt the brand and restructured the narrative around real use cases:
https://prismport.co/case-studies/webless-ai
Bounce rate dropped 20% and time on page grew 32%, that's the kind of shift that would help more cold visitors actually stick around and take Sherloq seriously on first look.
Happy to show you how we'd approach yours.","Hey {first-name}, I'll stop here so I'm not crowding your inbox. Whenever the timing's right for a quick chat, I'm around and happy to help."
rulebase.co/,Rulebase,design,competent but undistinctive design,"Hey {first-name}, came across Rulebase while looking at AI tools. Automating QA and compliance across customer interactions is bought by regulated teams who move on trust, so I'd guess your best deals come warm, which puts the site's weight on the ones meeting you cold. The content is genuinely strong, specific features, quantified results, named testimonials. The lever left is the design, it's competent but doesn't stand out yet, so there's room to make it as sharp as the product. That helps more cold, regulated buyers take it seriously on first look. Is a refresh on your radar?","Hey {first-name}, quick context, we're a design and Webflow studio. We worked with Webless AI, in generative AI search, on a close version of this, their product was impressive but the site's design gave visitors no way in, so it undersold something genuinely strong.
https://prismport.co/case-studies/webless-ai
We rebuilt the brand and narrative around real use cases, and bounce rate dropped 20% while time on page grew 32%, that's the kind of shift that would help cold, regulated buyers take Rulebase seriously on first look.
Happy to show you how we'd approach yours if useful.","Hey {first-name}, totally understand if this isn't top of mind right now. It'll keep, so reach out whenever you'd like to dig into it."
fullyramped.com,FullyRamped,design,competent but undistinctive design,"Hey {first-name}, came across FullyRamped while looking at AI tools. AI role-play is bought by leaders who trust it after their reps try it, so I'd guess your best deals come from champions who already saw the lift, which means the site mostly needs to win the ones finding you cold. The content is genuinely strong, specific features, clear differentiation, named testimonials with real numbers. The lever left is the design, it's solid but plays it safe right now, so there's room to make it as distinctive as the results. That helps more cold sales leaders take it seriously enough to pilot. Is a refresh on your radar?","Hey {first-name}, quick context, we're a design and Webflow studio.
We worked with YourCulture, a media and entertainment brand, on a close version of this, their site was live but flat, saying almost nothing beyond the basics, so we rebuilt it with expressive typography and motion to give it a distinct presence.
https://prismport.co/case-studies/your-culture
They landed at 97 on Lighthouse with perfect accessibility and SEO, and for FullyRamped a similarly distinctive design is what would get cold sales leaders to actually stop and take the pilot seriously.
Happy to sketch out how we'd approach yours if useful.","Hey {first-name}, I'll stop here so I'm not crowding your inbox. Whenever the timing's right for a quick chat, I'm around and happy to help."
microfactory.com,MicroFactory,content,minimal waitlist page with little substance,"Hey {first-name}, came across MicroFactory while looking at AI tools. Robotic workstations for precision tasks are a big, novel bet, so I'd guess your early interest comes from conversations you started directly, which means a fuller site would help the ones finding you cold understand the product. The current page is clear about the product name and the space. The lever left is the story, right now it's mostly a waitlist, so a real product page is a genuine opening. That helps more cold visitors grasp the value and reach out. Is that something you're planning?","Hey {first-name}, quick context, we're a design and Webflow studio. We recently worked with Qmin AI, a SaaS company, on a problem close to yours, visitors landing on the site with no way to quickly grasp what the product actually did. We rebuilt the page around one clear narrative with a hero animation walking buyers through the product end to end.
https://prismport.co/case-studies/qmin
Now the whole product lands in under 60 seconds, which is exactly what a real product page could do for the cold visitors landing on MicroFactory's waitlist. Happy to show you how we'd approach yours.","Hey {first-name}, no rush on this at all. If it ever moves up your list, I'm happy to jump on a quick call and show you what we'd do."
mobiusindustry.com/,Möbius Industries,content,missing credible proof and depth,"Hey {first-name}, came across Mobius while looking at AI tools. Full-stack facilities that refine raw materials from urban waste is heavy, capital-intensive work, so I'd guess your deals come through direct relationships and reputation, which means the site's job is proving credibility to the ones finding you cold. The design is genuinely strong, a clean, confident take on minimalism. The lever left is proof, adding credible results and more depth would help a serious buyer evaluate the model. That helps more cold industrial partners take it seriously. Is the site something you're refining?","Hey {first-name}, quick context, we're a design and Webflow studio.
We worked on something similar with NewsCatcherAPI, an enterprise API case study, whose single-page site wasn't giving technical buyers the depth they needed, close to what's happening with Mobius.
https://prismport.co/case-studies/newscatcher
After we restructured the site around real use cases with interactive breakdowns, session time went from around 20 seconds to over 3 minutes, 3,600% more engagement, which is the kind of depth that would help cold industrial partners actually evaluate Mobius's model instead of bouncing.
Happy to show you how we'd approach yours if that's useful.","Hey {first-name}, I'll leave this with you for now. Whenever it feels like the right time, I'd be glad to talk through how we'd approach it."
threatcaptain.com,ThreatCaptain,design,competent but undistinctive design,"Hey {first-name}, came across ThreatCaptain while looking at tech sites. A financial cyber-risk tool for MSPs tends to spread within the provider community, so I'd guess a lot of your growth is word of mouth, which means the site mostly needs to win the MSPs finding you cold. The content is above average, clear audience targeting and strong named testimonials. The lever left is the design, it's competent but doesn't stand out yet, so there's room to make it as sharp as the product. That helps more cold MSPs take it seriously enough to try. Is a refresh something you're weighing?","Hey {first-name}, quick context, we're a design and Webflow studio. We recently worked with Webless AI, a generative AI search company, on a problem close to yours, their technology was impressive but the design didn't carry that weight, so people didn't take it as seriously as the product deserved. We rebuilt the brand from scratch and restructured the narrative around real use cases:
https://prismport.co/case-studies/webless-ai
Bounce rate dropped 20% and time on page grew 32%, which is the kind of shift a more distinctive design could bring for cold MSPs sizing up ThreatCaptain. Happy to show you how we'd approach yours.","Hey {first-name}, I'll stop here so I'm not crowding your inbox. Whenever the timing's right for a quick chat, I'm around and happy to help."
satlayer.xyz,SatLayer,content,generic language and poor formatting hurting clarity,"Hey {first-name}, came across SatLayer while looking at crypto and web3 products. An economic layer that makes Bitcoin programmable is bought by technical builders who read closely, so I'd guess your traction comes from ecosystem trust, which means the site's job is making the substance clear to the ones finding you cold. The social proof is strong, real investor and partner logos and quantified metrics. The lever left is clarity, the language and formatting could be tighter so the substance comes through faster. That helps more cold technical builders grasp it and engage. Is the site something you're refining?","Hey {first-name}, quick context, we're a design and Webflow studio. We worked with Qmin AI, a SaaS company, on a close version of this, their product was substantial but first-time visitors couldn't place it quickly.
https://prismport.co/case-studies/qmin
We rebuilt the narrative around a single clear walkthrough, and now the whole product lands in under 60 seconds, that's the kind of clarity that would help cold technical builders grasp SatLayer faster too.
Happy to show you how we'd approach yours.","Hey {first-name}, I'll stop here so I'm not crowding your inbox. Whenever the timing's right for a quick chat, I'm around and happy to help."
www.subbb.me/,Subbb,design,clean but undistinctive design,"Hey {first-name}, came across Subbb while looking at B2B SaaS sites. A platform for managing subscriptions and payouts spreads creator to creator once someone sees it work, so I'd guess a lot of your growth is word of mouth, which means the site mostly needs to win the creators finding you cold. The content communicates the value well and the social proof is strong. The lever left is the design, it's clean but doesn't stand out yet, so there's room to make it feel as polished as the product. That helps more cold creators trust it enough to set up. Is a refresh on your radar?","Hey {first-name}, quick context, we're a design and Webflow studio. We recently worked with YourCulture, a creator community brand, on a problem close to yours, their site said almost nothing about who they were, so we built out two full journeys with expressive typography and motion to give the brand a real presence.
https://prismport.co/case-studies/your-culture
It scored 97 on Lighthouse, with perfect accessibility and SEO, and for Subbb that same kind of distinctive design is what would help more cold creators trust the platform enough to set up.
Happy to show you how we'd approach yours if that's useful.","Hey {first-name}, totally understand if this isn't top of mind right now. It'll keep, so reach out whenever you'd like to dig into it."
resourcly.com,resourcly,content,brevity limiting depth for a serious buyer,"Hey {first-name}, came across Resourcly while looking at AI tools. An inventory OS that improves working capital is a numbers decision, so I'd guess your deals come from operators who already saw the impact, which means the site's job is giving cold ones enough detail to believe it. The content is clear, with specific examples and named testimonials. The lever left is depth, it's fairly brief right now, so there's room to add detail a serious buyer needs. That helps more cold manufacturers trust it enough to engage. Is the site something you're refining?","Hey {first-name}, quick context, we're a design and Webflow studio. We worked with Amalia, a life sciences company, on a close version of your challenge, giving technical manufacturer buyers enough depth to trust dense, serious content.
https://prismport.co/case-studies/amalia-tech
We built their site as a component system with clear structure, and around 25 of their 44 pages were built by their own non-technical team, which is the kind of depth that would help cold manufacturers trust Resourcly faster too.
Happy to show you how we'd approach yours.","Hey {first-name}, I'll leave this with you for now. Whenever it feels like the right time, I'd be glad to talk through how we'd approach it."
noble.xyz,Noble XYZ,design,sparse page with little beyond the hero,"Hey {first-name}, came across Noble while looking at crypto and web3 products. An asset-issuance appchain is bought on deep technical and ecosystem trust, so I'd guess your traction comes warm from partners, which means the site's job is making the ones finding you cold take it seriously. The content has real credibility through partners and live data, and the hero is clean. The lever left is the rest of the page, it's quite sparse below the fold right now, so filling it out is a real opening. That helps more cold partners trust it enough to engage. Is a refresh on your radar?","Hey {first-name}, quick context, we're a design and Webflow studio. We recently worked with NewsCatcher, an enterprise API company whose site was too thin to keep pace with the trust their product needed from cold technical buyers, close to the gap on Noble's page below the hero.
https://prismport.co/case-studies/newscatcher
Session time went from around 20 seconds to over 3 minutes, 3,600% more engagement, which is the kind of shift filling out Noble's page could do for cold partners landing on it.
Happy to show you how we'd approach yours.","Hey {first-name}, I'll leave this with you for now. Whenever it feels like the right time, I'd be glad to talk through how we'd approach it."
go.cityrow.com/,Cityrow Go,design,competent but undistinctive marketing page,"Hey {first-name}, came across Cityrow Go while looking at consumer apps. A rowing app grows through people feeling the energy and results, so I'd guess a lot of signups come from word of mouth and social, which means the site's job is making cold visitors feel the vibe before they download. The content uses testimonials well and gives a good feature overview. The lever left is the design, it's clean but plays it safe right now, so there's room to give it more energy and flair. That helps more cold visitors feel it and sign up. Is a refresh something you're weighing?","Hey {first-name}, quick context, we're a design and Webflow studio.
We recently worked with YourCulture, a fan community brand, on a problem close to yours, a site that wasn't giving visitors any of the energy of the brand itself.
https://prismport.co/case-studies/your-culture
We rebuilt it with expressive typography and motion and it still scored 97 on Lighthouse with perfect accessibility and SEO, that's the kind of energy a rowing app's cold visitors would feel too.
Happy to show you how we'd approach yours.","Hey {first-name}, no rush on this at all. If it ever moves up your list, I'm happy to jump on a quick call and show you what we'd do."
www.appclose.com,AppClose,design,template-y design (42),"Hey {first-name}, came across AppClose while looking at tech sites.
Bringing clarity and peace of mind to co-parenting is a genuinely meaningful product, and I'd guess a lot of your growth is word of mouth between families.
Your content is detailed and strong, so the one lever left is the design, it feels a bit template-y right now and there's room to make it as warm and considered as the product.
At around 90k visits a month, a sharper site converts more of the families landing cold.
Is a refresh something you're weighing?","Hey {first-name}, quick context, we're a design and Webflow studio. We did something similar for YourCulture, a media and entertainment brand whose site was one generic page that said almost nothing about the community they'd built, pretty close to the template-y feel we flagged for AppClose.
https://prismport.co/case-studies/your-culture
We rebuilt it around two full journeys with expressive typography and motion, and it still scored 97 on Lighthouse with perfect accessibility and SEO, that same shift toward warmth is what would help AppClose feel like the product families already trust. Happy to sketch out how we'd approach it for you whenever you're curious.","Hey {first-name}, I'll leave this with you for now. Whenever it feels like the right time, I'd be glad to talk through how we'd approach it."
s-tud.io,Studio,content,extremely sparse page with almost no information,"Hey {first-name}, came across Studio while looking at consumer apps. This is a taste-and-community play, so I'd guess your reputation carries a lot of it, which means a fuller site would help the creatives finding you cold understand what you make. The design is genuinely strong, a bold, deliberate take on minimalism. The lever left is the story, right now the page says almost nothing about what you do, so adding real substance is a big opening without losing the craft. That helps more cold creatives grasp it and reach out. Is that something you're planning?","Hey {first-name}, quick context, we're a design and Webflow studio. We worked with Webless AI, an AI brand, on a close version of this: a striking site that didn't give visitors a way into what the product actually did. We rebuilt the narrative around real use cases while keeping the design intact.
https://prismport.co/case-studies/webless-ai
Bounce rate dropped 20% and time on page grew 32%, that's the kind of shift adding real substance could bring for the cold creatives landing on Studio. Happy to show you how we'd approach yours.","Hey {first-name}, I'll stop here so I'm not crowding your inbox. Whenever the timing's right for a quick chat, I'm around and happy to help."
www.highlight.io/,Highlight,design,generic aesthetic for a dev-tools product,"Hey {first-name}, came across Highlight while looking at dev tools. An open-source full-stack monitoring platform spreads developer to developer once someone ships it, so I'd guess a lot of your growth is word of mouth, which means the site mostly needs to win the developers finding you cold. The content is solid, real feature detail and customer testimonials. The lever left is the design, it plays it fairly safe right now, so there's room to make it as sharp as the tool. At 34k visits a month, that helps more cold developers take it seriously enough to try. Is a refresh on your radar?","Hey {first-name}, quick context, we're a design and Webflow studio. We worked with Webless AI, a generative AI search company, on a problem close to yours, the tech was strong but the design was generic and gave visitors no way in.
https://prismport.co/case-studies/webless-ai
After the redesign, bounce rate dropped 20% and time on page grew 32%, which is the kind of shift that would help more cold developers stick around long enough to take Highlight seriously.
Happy to show you how we'd approach yours if useful.","Hey {first-name}, I'll leave this with you for now. Whenever it feels like the right time, I'd be glad to talk through how we'd approach it."
bounti.co/,Bounti,design,competent but undistinctive design,"Hey {first-name}, came across Bounti while looking at B2B SaaS sites. A platform for training, tasks and comms is bought by operators who see it work somewhere first, so I'd guess a lot of your signups arrive warm, which means the site mostly needs to win the ones landing cold. The content is genuinely strong, specific features, named testimonials with real numbers, clear differentiation. The lever left is the design, it's competent but doesn't stand out yet, so there's room to make it as sharp as the product. At 27k visits a month, that helps more cold operators book a demo. Is a refresh on your radar?","Hey {first-name}, quick context, we're a design and Webflow studio.
We recently worked with YourCulture, a media and entertainment brand, on a similar challenge, a site with real substance that didn't look distinctive enough to match it, so we rebuilt it with expressive typography and motion to make it stand out.
https://prismport.co/case-studies/your-culture
The rebuild scored 97 on Lighthouse, with perfect accessibility and SEO, and that same sharpening is what would help Bounti's site match the strength of your content for the cold operators landing on it.
Happy to show you how we'd approach yours.","Hey {first-name}, totally understand if this isn't top of mind right now. It'll keep, so reach out whenever you'd like to dig into it."
www.inner.world,Innerworld,design,generic aesthetic for a distinctive product,"Hey {first-name}, came across Innerworld while looking at tech sites. A community offering CBT grows through people sharing their experience, so I'd guess a lot of your growth is word of mouth, which means the site's job is making cold visitors feel it's a place for them. The content is strong, real academic credibility and clear next steps. The lever left is the design, it's fairly generic right now, so there's room to make it feel warmer and more distinctive. At 16k visits a month, that helps more cold visitors feel welcome enough to join. Is a refresh on your radar?","Hey {first-name}, quick context, we're a design and Webflow studio. We recently worked with YourCulture, a fan community brand, on a problem close to yours, their site said almost nothing and felt generic for how personal the community actually was. We built two full journeys with expressive typography and motion:
https://prismport.co/case-studies/your-culture
They scored 97 on Lighthouse, with perfect accessibility and SEO, and for Innerworld, that kind of warmer, more distinctive design is what turns cold visitors into people who feel this is a place for them. Happy to show you how we'd approach yours.","Hey {first-name}, I'll stop here so I'm not crowding your inbox. Whenever the timing's right for a quick chat, I'm around and happy to help."
predictionguard.com,Prediction Guard,design,competent but undistinctive design,"Hey {first-name}, came across Prediction Guard while looking at AI tools. A platform that protects sensitive data is bought by cautious teams who trust it after review, so I'd guess your best deals come warm, which means the site's job is winning the ones landing cold. The content is strong, specific examples and quantified results, and the hero illustration adds personality. The lever left is the design, it sticks to convention right now, so there's room to make it as distinctive as the offer. That helps more cold buyers take it seriously enough to try. Is a refresh on your radar?","Hey {first-name}, quick context, we're a design and Webflow studio.
We recently worked with Webless AI, in the AI space, on a problem close to yours, a genuinely strong product whose website gave visitors no way in because the design didn't carry any distinctiveness.
https://prismport.co/case-studies/webless-ai
After we rebuilt the brand and narrative around real use cases, bounce rate dropped 20% and time on page grew 32%, which is the kind of shift that would help more cold visitors actually stick around and take Prediction Guard seriously.
Happy to sketch out how we'd approach yours if useful.","Hey {first-name}, I'll stop here so I'm not crowding your inbox. Whenever the timing's right for a quick chat, I'm around and happy to help."
oasysnow.com,OASYS NOW,design,"template-based, uninspired design","Hey {first-name}, came across OASYS while looking at health tech sites. Optimizing trial recruitment is bought by cautious medical and research teams, so I'd guess your best deals come warm, which means the site's job is winning the ones finding you cold. The content is genuinely strong, clear differentiation, specific details, real named testimonials. The lever left is the design, it's fairly template-based right now, so there's room to make it look as rigorous as the science. That helps more cold medical buyers engage. Is a refresh on your radar?","Hey {first-name}, quick context, we're a design and Webflow studio. We worked with Webless AI, an AI company, on a close problem, their tech was genuinely impressive but the design gave visitors no way to take it seriously or understand it fast.
https://prismport.co/case-studies/webless-ai
After we rebuilt the brand and narrative around real use cases, bounce rate dropped 20% and time on page grew 32%, that's the kind of shift that would help more cold medical buyers actually engage with OASYS instead of bouncing. Happy to show you how we'd approach yours.","Hey {first-name}, no rush on this at all. If it ever moves up your list, I'm happy to jump on a quick call and show you what we'd do."
www.tradehounds.com/,Trade Hounds,content,thin content with unnamed testimonials,"Hey {first-name}, came across Trade Hounds while looking at tech sites. A community app for trade workers grows through workers telling each other on the job, so I'd guess a lot of your downloads come word of mouth, which means the site's job is convincing the workers finding you cold. The content is clear and does a lot with a little. The lever left is credibility, naming the testimonials and adding more substance would make it land harder. That helps more cold trade workers trust it enough to download. Is the site something you're refining?","Hey {first-name}, quick context, we're a design and Webflow studio.

We worked with Qmin AI, a SaaS company, on a similar problem, visitors landed on the site but couldn't quite place what the product was or why they should trust it, so we rebuilt the experience around one focused narrative with a hero animation walking people through it end to end.
https://prismport.co/case-studies/qmin
The whole product now lands in under 60 seconds, that same kind of clarity and substance is what would help more cold trade workers trust Trade Hounds enough to download.

Happy to show you how we'd approach yours if that's useful.","Hey {first-name}, no rush on this at all. If it ever moves up your list, I'm happy to jump on a quick call and show you what we'd do."
glass.xyz,Glass,content,buzzword-heavy copy that fails to explain the product,"Hey {first-name}, came across Glass while looking at consumer apps. A platform where creators earn from their videos lives on creators wanting in, so I'd guess your early growth is word of mouth in the community, which means the site's job is making cold creators actually understand the offer. The minimalist aesthetic is clean and the hierarchy is clear. The lever left is the copy, right now it stays fairly high-level, so plainly explaining how it works and why it matters is a real opening. That helps more cold creators grasp it and sign up. Is the site something you're refining?","Hey {first-name}, quick context, we're a design and Webflow studio.

Hey Glass, quick context, we're a design and Webflow studio. We worked with Qmin AI, a SaaS platform, on a close problem, visitors couldn't quickly understand what the product actually did, so we rebuilt the experience around one focused narrative that walks people through it end to end.
https://prismport.co/case-studies/qmin
The whole product now lands in under 60 seconds, which is what we'd want for cold creators landing on Glass and trying to get the offer.
Happy to sketch out how we'd approach that for you if it's useful.","Hey {first-name}, I'll stop here so I'm not crowding your inbox. Whenever the timing's right for a quick chat, I'm around and happy to help."
joinaxe.ai,Axe,design,undistinctive design outside the hero,"Hey {first-name}, came across Axe while looking at AI tools. Procurement tools are bought by teams who trust it after they see it fit their workflow, so I'd guess your best deals come warm, which means the site's job is winning the ones finding you cold. The content is strong, clear explanations, specific features, compelling proof, and the hero image is strong. The lever left is carrying that craft through the rest of the design, which is fairly plain right now. That helps more cold procurement buyers take it seriously enough to try. Is a refresh on your radar?","Hey {first-name}, quick context, we're a design and Webflow studio. We recently worked with Webless AI, an AI company, on a problem close to yours, their technology was impressive but the design around it wasn't giving visitors a way to take it seriously.
https://prismport.co/case-studies/webless-ai
Bounce rate dropped 20% and time on page grew 32% once the design matched the strength of the product, which is the kind of shift that would help cold procurement buyers stick around long enough to try Axe.
Happy to show you how we'd approach yours.","Hey {first-name}, I'll stop here so I'm not crowding your inbox. Whenever the timing's right for a quick chat, I'm around and happy to help."
getaltitudeai.com,Altitude AI,content,missing concrete proof and detail,"Hey {first-name}, came across Altitude while looking at AI tools. Processing raw sensor and camera data is bought by technical teams who trust it after they see it on their data, so I'd guess your best signups already saw a demo, which means the site's job is giving cold ones enough to believe it. The content clearly communicates the purpose and benefits for your audience. The lever left is proof, adding concrete detail would help a technical buyer vet it. That helps more cold buyers evaluate it. Is the site something you're refining?","Hey {first-name}, quick context, we're a design and Webflow studio. We worked with Webless AI, a generative AI search company, on a close version of this, their tech was strong but the site gave visitors no concrete way to understand or trust it. We rebuilt the narrative around real use cases and made the product tangible with detailed walkthroughs.
https://prismport.co/case-studies/webless-ai
Bounce rate dropped 20% and time on page grew 32%, that's the kind of lift you'd expect from giving cold technical buyers enough proof to evaluate Altitude on their own.
Happy to sketch out how we'd approach it for your site if useful.","Hey {first-name}, totally understand if this isn't top of mind right now. It'll keep, so reach out whenever you'd like to dig into it."
museapp.com/,MuseApp,design,competent but undistinctive design,"Hey {first-name}, came across MuseApp while looking at tech sites. A tool for deep thinking used by writers, filmmakers and designers spreads through creatives recommending it, so I'd guess a lot of your signups arrive warm, which means the site mostly needs to win the ones landing cold. The content is strong, clear features and strong third-party endorsements. The lever left is the design, it's competent but doesn't have a unique presence yet, so there's room to make it as considered as the product. At 26k visits a month, that helps more cold creatives take it seriously enough to try. Is a refresh on your radar?","Hey {first-name}, quick context, we're a design and Webflow studio. We recently worked with YourCulture, a fan community platform for artists and labels, on a problem close to yours, their site said almost nothing and had no real presence for people landing cold. We rebuilt it with two full journeys, expressive typography and motion to give the brand an identity worth remembering.
https://prismport.co/case-studies/your-culture
They ended up scoring 97 on Lighthouse, with perfect accessibility and SEO, proof that distinctive design and technical quality aren't a tradeoff, which matters for a product like MuseApp that cold creatives need to take seriously fast. Happy to show you how we'd approach yours.","Hey {first-name}, I'll leave this with you for now. Whenever it feels like the right time, I'd be glad to talk through how we'd approach it."
confident.security/,Confident Security,content,the diagram and dense technical content carrying more of the explaining than it should,"Hey {first-name}, came across Confident Security while looking at AI tools.

I'd guess most people who land on the site right now already have context, an intro, a conversation, before they check it out, since this is a pretty technical thing to explain cold.

The diagram is a great idea for showing how the encryption wraps around the model, it's the one place a first-time visitor could really get it fast, but the text inside it is tough to read right now.

Is building that out a bit more something you're thinking about?","Hey {first-name}, quick context, we're a design and Webflow studio.

We recently worked with Webless AI, a generative AI company, on a close version of this. Their tech was strong but the site gave visitors no way into it, so we rebuilt the brand and built out close to 40 animation frames to make the abstract product tangible.

https://prismport.co/case-studies/webless-ai

Bounce rate dropped 20% and time on page grew 32%, that's the kind of shift that happens once a visitor can actually follow what they're looking at, which is exactly what's at stake with your diagram.

Happy to show you how we'd approach yours.","Hey {first-name}, I'll leave this with you for now. Whenever it feels like the right time, I'd be glad to talk through how we'd approach it."
flowmusic.app,Flow (ex-Riffusion),performance,an ai music tool at 4m visits is people coming to actually m,"Hey {first-name}, came across Flow while looking at consumer apps.
With the traffic you're pulling, I'd guess most of it is people coming to actually make something, not just look around.
Which is exactly why the load and responsiveness matter so much, and right now the site is slow to load and laggy when you tap around.
At over 4m visits a month, making it feel instant keeps far more of those creators in the Flow and finishing what they started.
Is performance something you're focused on?","Hey {first-name}, quick context, we're a design and Webflow studio.
We recently worked with Studio Artegra, a creative agency, on a problem pretty close to yours, their site looked strong but was slow and janky under the surface, so we rebuilt it page by page for speed and consistency.
https://prismport.co/case-studies/studio-artegra
Performance improved by over 25% across the site, which is the kind of gain that would keep way more of your 4m monthly visits in the flow and finishing what they started.
Happy to show you how we'd approach yours.","Hey {first-name}, I'll leave this with you for now. Whenever it feels like the right time, I'd be glad to talk through how we'd approach it."
www.designarena.ai,Design Arena,performance,"4.5m+ users and a viral, community-driven benchmark mean mos","Hey {first-name}, came across Design Arena while looking at AI tools.
4.5m+ users on a crowdsourced design benchmark is wild, so usage clearly isn't the question, the traffic arrives curious and ready to try things.
Which is why the first load matters so much, and right now the page takes a few seconds and jumps around a bit as it settles.
At 1.5m+ visits a month, making that first moment feel instant keeps more of those curious visitors in and converting.
Is performance something you're digging into?","Hey {first-name}, quick context, we're a design and Webflow studio. We recently worked with Studio Artegra, a creative agency, on a similar challenge to yours, their site looked strong but was slow and a bit fragile under the surface, so we went page by page tightening it up.
https://prismport.co/case-studies/studio-artegra
Performance improved by over 25% across the site, that kind of gain on your first load would help hold onto more of your 1.5m+ monthly visitors.
Happy to show you how we'd approach yours.","Hey {first-name}, totally understand if this isn't top of mind right now. It'll keep, so reach out whenever you'd like to dig into it."
recall.it,Recall,design,a personal-knowledge ai grows through power users and word o,"Hey {first-name}, came across Recall while looking at AI tools.
The proof on your site is strong, so I'd guess the people who already know Recall convert fine, and a lot of growth is word of mouth between power users.
The gap is the cold visitor, and right now the layout feels a bit scattered around the hero, which is the one piece holding the first impression back.
At nearly 500k visits a month, tightening that so it lands cleanly converts more of those first-timers.
Is a refresh something you're weighing?","Hey {first-name}, quick context, we're a design and Webflow studio.
We worked with Webless, an AI search company, on a hero and narrative that wasn't landing for first-time visitors, close to what I flagged on Recall's site.
https://prismport.co/case-studies/webless-ai
Bounce rate dropped 20% and time on page grew 32% once the story was clear from the first scroll, that's the kind of lift a tighter hero could bring to Recall's cold traffic.
Happy to sketch out how we'd approach yours if useful.","Hey {first-name}, I'll stop here so I'm not crowding your inbox. Whenever the timing's right for a quick chat, I'm around and happy to help."
encore.dev,Encore,performance,layout shifting as the page settles,"Hey {first-name}, came across Encore while looking at dev tools. A platform for type-safe distributed systems spreads developer to developer once someone builds with it, so I'd guess a huge share of your signups arrive warm, which means the site's job is holding the ones landing cold. The content is exceptionally strong, clear differentiation, concrete examples, robust social proof. The one thing I noticed is the page jumps around a fair bit as it settles for real visitors, so steadying that is a nice win. At 144k visits a month, it keeps more cold developers from bouncing before they read it. Is that something you've looked at?","Hey {first-name}, quick context, we're a design and Webflow studio. We worked with Studio Artegra, a creative agency whose site looked strong but was slow and janky under the hood, a problem pretty close to yours. We went page by page, rebuilt the hero animation, fixed responsiveness, and cleaned up the structure.
https://prismport.co/case-studies/studio-artegra
Performance improved by over 25% across the site, and for Encore that kind of fix is what steadies the page for cold visitors before they bounce. Happy to show you how we'd approach yours.","Hey {first-name}, I'll stop here so I'm not crowding your inbox. Whenever the timing's right for a quick chat, I'm around and happy to help."
www.catalyzex.com,CatalyzeX,design,clean but very standard design (47),"Hey {first-name}, came across CatalyzeX while looking at AI tools.
An AI code search engine with a knowledge network is a strong idea, and I'd guess a lot of your growth is developers sharing it.
The one lever left is the design, it's clean but very standard, and the developer crowd evaluating it is exactly the kind that notices craft.
At over 100k visits a month, a more distinctive site converts more of them.
Is a refresh on your radar?","Hey {first-name}, quick context, we're a design and Webflow studio.
We worked with Webless AI, a generative AI search company, on a close version of this. The tech was strong but the site gave visitors no way into it, similar to the gap we flagged for CatalyzeX.
https://prismport.co/case-studies/webless-ai
After the rebuild, bounce rate dropped 20% and time on page grew 32%, the kind of lift a distinctive site could bring to your developer traffic too.
Happy to sketch out how we'd approach yours if that's useful.","Hey {first-name}, totally understand if this isn't top of mind right now. It'll keep, so reach out whenever you'd like to dig into it."
stormy.ai/,Stormy,content,unclear CTA and thin B2B depth,"Hey {first-name}, came across Stormy while looking at AI tools. A tool that learns from your screen spreads through people showing it to each other, so I'd guess a lot of your signups arrive warm, which means the site's job is winning the ones landing cold. The design is genuinely strong, the product UI is woven in seamlessly, and the interactive examples work. The lever left is the copy, a clearer next step and more depth would help a cold visitor convert. At 79k visits a month, that's a lot of extra signups. Is the site something you're refining?","Hey {first-name}, quick context, we're a design and Webflow studio.
We worked with NewsCatcherAPI, an enterprise API product, on a close version of this, their site was a single page that wasn't giving visitors enough to work with or a clear path forward:
https://prismport.co/case-studies/newscatcher
Session time went from around 20 seconds to over 3 minutes, 3,600% more engagement, once the site was restructured around real use cases, which is the kind of shift a clearer CTA and more depth could bring for your cold traffic.
Happy to sketch how we'd approach yours if useful.","Hey {first-name}, totally understand if this isn't top of mind right now. It'll keep, so reach out whenever you'd like to dig into it."
prophetic.com,Prophetic,design,"a novel neurotech device grows on curiosity and press, so th","Hey {first-name}, came across Prophetic while looking at AI tools.
A non-invasive device for lucid dreaming is the kind of thing people land on out of pure curiosity, so the site has to sell something they've genuinely never seen before.
Your content is strong on the science, so the lever left is the design feeling as premium and considered as the device itself.
At around 60k visits a month of curious, high-intent people, a more premium site converts more of them into buyers.
Is leveling up the site something you're thinking about?","Hey {first-name}, quick context, we're a design and Webflow studio.
We recently worked with Wonder Phone, a premium consumer hardware brand, on a problem close to yours, an exceptional product whose website wasn't matching its quality.
https://prismport.co/case-studies/wondersimple
We built a scroll driven 3D experience around the product itself, and sales increased by over 50% after launch, the kind of lift that matters most when curious visitors are already landing on your site.
Happy to show you how we'd approach yours.","Hey {first-name}, no rush on this at all. If it ever moves up your list, I'm happy to jump on a quick call and show you what we'd do."
www.playrole.com/,Role,design,generic styling in the feature sections,"Hey {first-name}, came across Role while looking at tech sites. A platform for friends to become characters grows on people feeling the magic, so I'd guess a lot of signups come from friends inviting friends, which means the site's job is making cold visitors feel it before they join. The hero imagery is strong and the content covers the features well for both players and creators. The lever left is the design below the hero, it leans generic right now, so there's room to carry that magic through. At 29k visits a month, that helps more cold visitors feel it and sign up. Is a refresh on your radar?","Hey {first-name}, quick context, we're a design and Webflow studio. We worked with YourCulture, a fan community platform for artists, on a problem close to yours, their site had a strong hook but went flat past it, so we built two full journeys with expressive typography and motion to carry that feeling through.
https://prismport.co/case-studies/your-culture
They landed at 97 on Lighthouse with perfect accessibility and SEO, and for Role that kind of consistency below the hero is what turns more of those 29k monthly visitors into people who feel the magic before they sign up. Happy to sketch out how we'd carry your hero's feel through the rest of the site if useful.","Hey {first-name}, I'll leave this with you for now. Whenever it feels like the right time, I'd be glad to talk through how we'd approach it."
sweep.dev,Sweep,design,conventional dev-tool design,"Hey {first-name}, came across Sweep while looking at AI tools. An AI coding assistant for JetBrains spreads developer to developer once someone ships with it, so I'd guess a lot of your signups arrive warm, which means the site mostly needs to win the developers landing cold. The content is highly persuasive, clear product definition, specific features, strong social proof. The lever left is the design, it follows the genre patterns right now, so there's room to make it as distinctive as the product. At 26k visits a month, even a small lift is a lot of signups. Is a refresh on your radar?","Hey {first-name}, quick context, we're a design and Webflow studio. We recently worked with Webless AI, in the AI space, on a problem close to yours, a technical product whose design followed generic patterns and gave visitors no way in. We rebuilt the brand and narrative around real use cases:
https://prismport.co/case-studies/webless-ai
Bounce rate dropped 20% and time on page grew 32%, the kind of lift that matters a lot at your volume of cold developer traffic. Happy to show you how we'd approach yours.","Hey {first-name}, I'll stop here so I'm not crowding your inbox. Whenever the timing's right for a quick chat, I'm around and happy to help."
openmeter.io/,OpenMeter,design,average startup-site design,"Hey {first-name}, came across OpenMeter while looking at AI tools. Metering for AI and API consumption spreads developer to developer once someone wires it in, so I'd guess a lot of your signups arrive warm, which means the site mostly needs to win the developers landing cold. The content is strong, named testimonials and concrete code examples. The lever left is the design, it's average right now, so there's room to make it as sharp as the product. At 17k visits a month, that helps more cold developers try it. Is a refresh on your radar?","Hey {first-name}, quick context, we're a design and Webflow studio. We recently worked with Webless AI, in the AI space, whose problem was close to yours, a technical product that was impressive but the site gave visitors no way in, so we rebuilt the brand and narrative around real use cases.
https://prismport.co/case-studies/webless-ai
Bounce rate dropped 20% and time on page grew 32%, which is the kind of shift that would help more cold developers stick around on OpenMeter too.
Happy to show you how we'd approach yours if useful.","Hey {first-name}, I'll stop here so I'm not crowding your inbox. Whenever the timing's right for a quick chat, I'm around and happy to help."
nori.ai,Nori,content,brevity and unnamed proof limiting depth,"Hey {first-name}, came across Nori while looking at B2B SaaS sites. An AI health coach that unifies wearable data grows through people sharing their results, so I'd guess a lot of your signups arrive warm, which means the site's job is winning the ones landing cold. The design is genuinely strong, consistent brand and thoughtful detail, and the testimonials are compelling. The lever left is depth, the page is fairly brief right now, so adding more substance and named proof would help a cold visitor. At 16k visits a month, that's a lot of extra signups. Is the site something you're refining?","Hey {first-name}, quick context, we're a design and Webflow studio.
We worked with NewsCatcherAPI, an enterprise API product, on a site that was too thin to hold a visitor's attention, close to what's happening on Nori's page right now.
https://prismport.co/case-studies/newscatcher
By restructuring around real use cases with more substance, session time went from around 20 seconds to over 3 minutes, 3,600% more engagement, and that kind of depth is exactly what would help Nori turn more of its 16k monthly visits into signups.
Happy to sketch out how we'd approach yours if that's useful.","Hey {first-name}, I'll leave this with you for now. Whenever it feels like the right time, I'd be glad to talk through how we'd approach it."
aside.com,Aside,design,"average, undistinctive design","Hey {first-name}, came across Aside while looking at AI tools. AI live call prompts are bought after reps feel it help on a real call, so I'd guess a lot of your signups arrive warm, which means the site mostly needs to win the ones landing cold. The content is strong, clear differentiation, substantive features, verifiable proof. The lever left is the design, it doesn't push any boundaries right now, so there's room to make it as sharp as the product. That helps more cold sales teams try it. Is a refresh on your radar?","Hey {first-name}, quick context, we're a design and Webflow studio. We recently worked with Webless AI, an AI search company, with a problem close to yours, a solid product that the design wasn't doing justice to. We rebuilt the brand and the visual experience around it:
https://prismport.co/case-studies/webless-ai
Bounce rate dropped 20% and time on page grew 32%, which is the kind of shift that would help more of your cold visitors stick around and take Aside seriously. Happy to show you how we'd approach yours.","Hey {first-name}, no rush on this at all. If it ever moves up your list, I'm happy to jump on a quick call and show you what we'd do."
lutra.ai,Lutra AI,design,usual saas patterns (50),"Hey {first-name}, came across Lutra while looking at AI tools.
Automating workflows with plain language is a clear, useful pitch, and your testimonials and results give it real credibility.
The one lever left is the design, it's competent but follows the usual SaaS patterns, so there's room to make it more distinctive while keeping that proof front and centre.
A sharper site would help more of the people who find you actually convert.
Is a refresh something you're exploring?","Hey {first-name}, quick context, we're a design and Webflow studio.
We recently worked with Webless AI, a generative AI search tool, on a problem close to yours, their tech was strong but the site followed generic patterns and gave visitors no way in, so we rebuilt the brand and restructured the narrative around real use cases.
https://prismport.co/case-studies/webless-ai
Bounce rate dropped 20% and time on page grew 32%, which is exactly the kind of lift a sharper, more distinctive site could bring to Lutra.
Happy to show you how we'd approach yours if useful.","Hey {first-name}, no rush on this at all. If it ever moves up your list, I'm happy to jump on a quick call and show you what we'd do."
www.kurtosis.com/,Kurtosis,content,thin depth and weak calls to action,"Hey {first-name}, came across Kurtosis while looking at B2B SaaS sites. Tools for custom dev environments spread developer to developer once someone builds with them, so I'd guess a lot of your signups arrive warm, which means the site's job is winning the developers landing cold. The content is clear, with good examples of your packages and a clear brand identity. The lever left is depth, adding more detail and a stronger next step would help a cold developer. That helps more of them try it. Is the site something you're refining?","Hey {first-name}, quick context, we're a design and Webflow studio. We recently worked with NewsCatcherAPI, an enterprise API company, on a site that was too thin to explain their real use cases to cold visitors, close to the depth issue on Kurtosis.
https://prismport.co/case-studies/newscatcher
Session time went from around 20 seconds to over 3 minutes, 3,600% more engagement, which is the kind of shift more depth and a clearer next step could bring for the developers landing on Kurtosis cold.
Happy to show you how we'd approach yours.","Hey {first-name}, I'll stop here so I'm not crowding your inbox. Whenever the timing's right for a quick chat, I'm around and happy to help."
www.grit.io,Grit,content,missing depth and external validation,"Hey {first-name}, came across Grit while looking at AI tools. Automated migrations and AI refactoring are bought by engineering teams who trust it after they see it clean up real code, so I'd guess your best signups already tried it, which means the site's job is winning the developers landing cold. The content gives a strong, clear intro to GritQL, with specific benefits and examples. The lever left is depth, adding more detail and external validation would help a cold developer adopt it. That helps more of them. Is the site something you're refining?","Hey {first-name}, quick context, we're a design and Webflow studio. We worked with NewsCatcher, an API company whose developer audience faced a similar trust gap, their site wasn't giving cold technical visitors enough depth to see the product prove itself.
https://prismport.co/case-studies/newscatcher
After we restructured the content around real use cases and added animations to explain the workflows, session time went from around 20 seconds to over 3 minutes, 3,600% more engagement, which is the kind of shift that comes from cold visitors actually digging into the depth. Happy to show you how we'd approach that for Grit.","Hey {first-name}, totally understand if this isn't top of mind right now. It'll keep, so reach out whenever you'd like to dig into it."
www.3jane.xyz/,3Jane Protocol,content,entry-point page missing due-diligence depth,"Hey {first-name}, came across 3Jane while looking at crypto and web3 products. A credit-based money market with unsecured lines is bought on deep technical and financial trust, so I'd guess your traction comes warm from the ecosystem, which means the site's job is giving the ones landing cold enough depth to trust it. The design is genuinely distinctive, that retro-futuristic aesthetic really stands out, and the credibility signals are strong. The lever left is depth, the main page reads more like an entry point right now, so adding due-diligence detail would help. That helps more cold technical buyers engage. Is the site something you're refining?","Hey {first-name}, quick context, we're a design and Webflow studio. We recently worked with NewsCatcherAPI, an enterprise API company, whose main page was too thin to give technical buyers the depth they needed, close to what's happening on 3Jane's entry point.
https://prismport.co/case-studies/newscatcher
After restructuring around real use cases and workflows, session time went from around 20 seconds to over 3 minutes, 3,600% more engagement, which is the kind of shift added due diligence depth could bring for your cold technical visitors.
Happy to show you how we'd approach yours.","Hey {first-name}, no rush on this at all. If it ever moves up your list, I'm happy to jump on a quick call and show you what we'd do."
defog.ai,Defog,content,brevity limiting depth,"Hey {first-name}, came across Defog while looking at AI tools. A natural-language query platform is bought by data teams who trust it after they see it answer their real questions, so I'd guess your best signups already tried it, which means the site's job is winning the ones landing cold. The content communicates the value well, with strong third-party endorsements. The lever left is depth, it's fairly brief right now, so adding more detail would help a serious buyer. That helps more cold data teams try it. Is the site something you're refining?","Hey {first-name}, quick context, we're a design and Webflow studio. We worked with Webless AI, an AI search company, on a problem close to yours, their tech was strong but the site gave visitors no way into it, so we rebuilt the narrative around real use cases and added animation to make the product tangible.
https://prismport.co/case-studies/webless-ai
Bounce rate dropped 20% and time on page grew 32%, that's the kind of shift that comes from giving cold visitors enough depth to trust what they're looking at, which sounds like exactly what would help your cold data teams. Happy to show you how we'd approach it for Defog.","Hey {first-name}, I'll leave this with you for now. Whenever it feels like the right time, I'd be glad to talk through how we'd approach it."
www.starboard.biz/,Starboard,design,"indistinguishable, generic design","Hey {first-name}, came across Starboard while looking at AI tools. AI tools for SMB forwarders are bought after operators see it save real time, so I'd guess your best signups already saw a demo, which means the site's job is winning the forwarders finding you cold. The content is strong, specific testimonials and quantified results. The lever left is the design, it follows all the best practices but blends in right now, so there's room to make it stand out. That helps more cold forwarders try it. Is a refresh on your radar?","Hey {first-name}, quick context, we're a design and Webflow studio.
We worked with Webless AI, in the AI space, on a close version of this, a technically impressive product whose design wasn't giving people a way in. We rebuilt the brand from scratch and restructured the narrative around real use cases.
https://prismport.co/case-studies/webless-ai
Bounce rate dropped 20% and time on page grew 32%, that's the kind of lift a more distinctive design could bring for Starboard's cold forwarder traffic.
Happy to sketch out how we'd approach yours if useful.","Hey {first-name}, I'll leave this with you for now. Whenever it feels like the right time, I'd be glad to talk through how we'd approach it."
lovelace.ai,Lovelace,design,conventional design lacking distinctive richness,"Hey {first-name}, came across Lovelace while looking at AI tools. A platform for national security and disaster relief is bought on deep trust and credentials, so I'd guess your deals come through relationships and reputation, which means the site's job is making the ones finding you cold take it seriously. The content is strong, real technical depth and impressive founder credentials. The lever left is the design, it's conventional right now, so there's room to give it more gravitas. That helps more cold, high-stakes buyers engage. Is a refresh on your radar?","Hey {first-name}, quick context, we're a design and Webflow studio. We worked with Webless AI, in AI, on a close version of your problem, their generative search tech was impressive but the site gave visitors no way in and undersold the depth behind it.
https://prismport.co/case-studies/webless-ai
We rebuilt the brand and narrative around real use cases, and bounce rate dropped 20% while time on page grew 32%, that same shift is what would help cold, high-stakes buyers stay long enough to take Lovelace seriously.
Happy to sketch out how we'd approach yours if useful.","Hey {first-name}, no rush on this at all. If it ever moves up your list, I'm happy to jump on a quick call and show you what we'd do."
www.tryminerva.ai,Minerva Intelligence,content,coming-soon badges and brevity limiting depth,"Hey {first-name}, came across Minerva while looking at AI tools. AI bookkeeping and tax is bought by owners who need to trust it with their finances, so I'd guess word of mouth carries a lot of it, which means the site's job is proving it to the ones landing cold. The design is genuinely strong, the sophisticated serif and muted palette stand out from the usual startup look. The lever left is the content, the coming-soon badges and brevity hold it back right now, so filling in real detail and proof is a real opening. That helps more cold owners try it. Is that something you're planning?","Hey {first-name}, quick context, we're a design and Webflow studio. We recently worked with Webless AI, a generative AI search company, on a problem close to yours, the technology was strong but the site gave cold visitors no real way to understand or trust it. We rebuilt the brand and restructured the narrative around real use cases so people landing cold could actually see what it does.
https://prismport.co/case-studies/webless-ai
Bounce rate dropped 20% and time on page grew 32%, which is the kind of shift you'd expect once real detail and proof replace the coming-soon badges for Minerva's cold owners. Happy to show you how we'd approach yours.","Hey {first-name}, totally understand if this isn't top of mind right now. It'll keep, so reach out whenever you'd like to dig into it."
riffanalytics.ai/,Riff Analytics,design,competent but undistinctive design,"Hey {first-name}, came across Riff while looking at B2B SaaS sites. AI behavioral analytics for meetings is bought by teams who trust it after they see it improve a real meeting, so I'd guess your best signups already saw it work, which means the site mostly needs to win the ones landing cold. The content communicates the value well, with real detail and demonstration. The lever left is the design, it adheres to trends right now, so there's room to make it stand out. That helps more cold teams try it. Is a refresh on your radar?","Hey {first-name}, quick context, we're a design and Webflow studio.
We worked with Webless AI, a generative AI search company, on a problem close to yours, their tech was impressive but the design wasn't giving people a way in or making it feel distinctive.
https://prismport.co/case-studies/webless-ai
After we rebuilt the brand and visuals, bounce rate dropped 20% and time on page grew 32%, which is the kind of shift that would help more cold visitors give Riff a real look.
Happy to sketch out how we'd approach a refresh for you, if useful.","Hey {first-name}, I'll leave this with you for now. Whenever it feels like the right time, I'd be glad to talk through how we'd approach it."
blacktag.com,Blacktag,content,thin operational detail and weak CTA,"Hey {first-name}, came across Blacktag while looking at consumer apps. A global platform for Black creators and culture grows on community and belonging, so I'd guess a lot of your growth is word of mouth, which means the site's job is giving the ones landing cold a clear reason and way to join. The design is genuinely distinctive, bold, intentional choices that give it a real identity. The lever left is the content, it's a bit thin on how it works and the call to action right now, so adding that would help a cold visitor. That helps more of them join. Is the site something you're refining?","Hey {first-name}, quick context, we're a design and Webflow studio. We worked with Qmin AI, a SaaS company, on a similar problem, visitors landing and not being able to quickly understand how the product actually worked.
https://prismport.co/case-studies/qmin
After rebuilding the narrative around a clear walkthrough, the whole product lands in under 60 seconds, which is the kind of clarity adding operational detail and a clear CTA could bring for Blacktag's cold visitors.
Happy to show you how we'd approach yours.","Hey {first-name}, I'll stop here so I'm not crowding your inbox. Whenever the timing's right for a quick chat, I'm around and happy to help."
rileyapp.com/,Riley,content,missing testimonials and a clear CTA,"Hey {first-name}, came across Riley while looking at tech sites. An all-in-one parenting platform is bought by parents who trust it after other parents vouch for it, so I'd guess a lot of your signups arrive warm, which means the site's job is giving the ones landing cold proof and a clear next step. The design is genuinely strong, that friendly, illustrated identity is lovely, and the expert backing helps. The lever left is proof, adding user testimonials and a clear call to action would help a cold parent. That helps more of them sign up. Is the site something you're refining?","Hey {first-name}, quick context, we're a design and Webflow studio. We recently worked with Qmin AI, a SaaS company, on a problem close to yours, visitors were landing on their site and couldn't quickly place what the product was or why to trust it. We rebuilt the experience around one clear narrative that walks visitors through it end to end.
https://prismport.co/case-studies/qmin
The result was the whole product lands in under 60 seconds, and for Riley, adding real testimonials plus a clear CTA would give cold parents that same fast sense of trust before they decide to sign up. Happy to show you how we'd approach yours.","Hey {first-name}, totally understand if this isn't top of mind right now. It'll keep, so reach out whenever you'd like to dig into it."
schemata.com/,Schemata,design,competent but generic design,"Hey {first-name}, came across Schemata while looking at tech sites. 3D creation for the DoD and enterprises is bought on trust and credentials, so I'd guess your deals come through relationships, which means the site's job is making the ones finding you cold take it seriously. The content is strong, real credibility through named clients and media mentions. The lever left is the design, it's competent but generic right now, so there's room to give it more gravitas. That helps more cold, high-stakes buyers engage. Is a refresh on your radar?","Hey {first-name}, quick context, we're a design and Webflow studio.

Hey Schemata, quick context, we're a design and Webflow studio.

We worked with NewsCatcherAPI, an enterprise API business, on a close version of your problem, their tech powers serious clients like Samsung and major financial institutions, but the site's design wasn't carrying that same weight.

https://prismport.co/case-studies/newscatcher

We restructured the site around real use cases with interactive animations to explain the work, and session time went from around 20 seconds to over 3 minutes, 3,600% more engagement. For Schemata, that's the kind of design shift that helps cold, high-stakes buyers actually stay and trust what they're looking at.

Happy to show you how we'd approach yours.","Hey {first-name}, no rush on this at all. If it ever moves up your list, I'm happy to jump on a quick call and show you what we'd do."
raycaster.ai,Raycaster,content,weak credibility and no clear CTA,"Hey {first-name}, came across Raycaster while looking at AI tools. Automating research to sell technical products is bought by teams who trust it after they see it surface real insights, so I'd guess your best signups already saw a demo, which means the site's job is proving it and giving the ones landing cold a clear next step. The headline typography is a real strength and the content is specific about what it does. The lever left is credibility and the call to action, adding both would help a cold team. That helps more of them try it. Is the site something you're refining?","Hey {first-name}, quick context, we're a design and Webflow studio. We worked with Qmin AI, an insurance SaaS platform, on a close version of this problem, their product was strong but first-time visitors couldn't place what it did or why to trust it. We rebuilt the experience around one focused narrative with a hero animation walking buyers through the product end to end.
https://prismport.co/case-studies/qmin
The result was the whole product landing in under 60 seconds, which for Raycaster would mean cold sales teams understanding and trusting what you do almost as soon as they land.
Happy to show you how we'd approach yours.","Hey {first-name}, no rush on this at all. If it ever moves up your list, I'm happy to jump on a quick call and show you what we'd do."
www.flashnet.xyz/,Flashnet,design,generic visual design despite strong content and funding,"Hey {first-name}, came across Flashnet while looking at crypto and web3 products.

Raising $4.5M to build something this trust-sensitive, I'd guess a lot of your early users are coming through community and word of mouth, people who already trust Bitcoin and just needed a place to go.

The content on the site already makes a strong case, clear value prop, real social proof. The design around it reads pretty generic though, which matters more for the visitors who land cold and haven't decided yet.

Is a redesign something you've thought about?","Hey {first-name}, quick context, we're a design and Webflow studio.

We worked with Webless AI, an AI search company, on a close version of this, their tech was strong but the site gave cold visitors no way to trust or understand it, which is close to what's happening with Flashnet right now.

https://prismport.co/case-studies/webless-ai

After the redesign, bounce rate dropped 20% and time on page grew 32%, which is the kind of shift that matters most for visitors who land on Flashnet without deciding to trust it yet.

Happy to sketch out how we'd approach it for Flashnet if useful.","Hey {first-name}, I'll leave this with you for now. Whenever it feels like the right time, I'd be glad to talk through how we'd approach it."
www.tanbii.com,Tanbii,content,content depth and proof,"Hey {first-name}, came across Tanbii while looking at crypto and web3 products.

Raising the funding you have in this space usually means the harder problem, proving the tech and the eco angle are real, is mostly solved on your end already.

I'd guess the site just hasn't fully caught up to saying that out loud yet, the illustrations and the look are strong, but the proof and detail visitors need to trust a new token aren't quite there yet.

Is building out that side of the site something you're thinking about?","Hey {first-name}, quick context, we're a design and Webflow studio.

We recently worked with NewsCatcherAPI, an enterprise API business, whose site wasn't giving visitors the depth needed to trust the real, serious work behind it, close to what's happening with Tanbii and the proof visitors need around the tech and eco claims.

https://prismport.co/case-studies/newscatcher

Session time went from around 20 seconds to over 3 minutes, 3,600% more engagement, once the site actually explained the substance behind the product. That kind of shift is what filling out the proof and detail on Tanbii's site could do for how long people stay and how much they trust it.

Happy to show you how we'd approach yours.","Hey {first-name}, I'll leave this with you for now. Whenever it feels like the right time, I'd be glad to talk through how we'd approach it."
bangjamin.com/,Bang Jamin,design,design lacks distinctiveness for an AI-insurance product,"Hey {first-name}, came across Bang Jamin while looking at fintech products.

Raising 4 million to rebuild how people buy insurance with AI usually means the product and the pitch are the hard part you've already nailed. I'd guess the site just needs to look as considered as the thing you built.

The content's doing real work already, clear features, solid testimonials, but the design plays it a bit safe next to that. For a product asking people to trust AI with their insurance, that first impression carries a lot.

Is a refresh something you're considering?","Hey {first-name}, quick context, we're a design and Webflow studio.

We worked with Webless AI, an AI search product, on something close to your situation, the tech was strong but the design wasn't giving people a reason to trust it.

https://prismport.co/case-studies/webless-ai

We rebuilt the brand from scratch and gave it a distinct visual identity, bounce rate dropped 20% and time on page grew 32%. For Bang Jamin, that kind of shift is what turns trust in the product into signups.

Happy to sketch out how we'd approach it for you, no pressure either way.","Hey {first-name}, I'll leave this with you for now. Whenever it feels like the right time, I'd be glad to talk through how we'd approach it."
www.scritchai.com,Scritch,design,"generic, template-like visual identity","Hey {first-name}, came across Scritch while looking at AI tools.

With something like an AI receptionist for vets, I'd guess most early trust comes from demos and word of mouth in the vet community, since clinic owners usually want a recommendation before trying new front desk tech.

That means the site's real job is winning over the vets who land on it cold. Your content is genuinely strong, clear explanations, solid testimonials, but the design reads as a clean template rather than something built around how vets actually think about trust and care.

Is a redesign something you're considering?","Hey {first-name}, quick context, we're a design and Webflow studio.

We recently worked with Webless AI, a generative AI search company, on a similar problem, the technology was impressive but the site gave visitors no way in and didn't feel built around it.

https://prismport.co/case-studies/webless-ai

We rebuilt the brand from scratch and restructured the narrative around real use cases, bounce rate dropped 20% and time on page grew 32%, that's the kind of shift I'd expect for Scritch once the design feels built for how vets actually think about trust.

Happy to show you how we'd approach Scritch.","Hey {first-name}, no rush on this at all. If it ever moves up your list, I'm happy to jump on a quick call and show you what we'd do."
www.everlyn.ai/,Everlyn,design,generic interface + haphazard layout (41),"Hey {first-name}, came across Everlyn while looking at AI tools.
A Web3 video AI model with real performance metrics is an ambitious pitch, and the product output is clearly the star.
The interface and design around it are pretty generic though, and the layout feels a little haphazard, so there's real room to make the experience match how advanced the model is.
A sharper site would help the people who find you actually believe in it.
Is leveling up the site something you're thinking about?","Hey {first-name}, quick context, we're a design and Webflow studio.
We worked with Webless AI, a generative AI search company, on a problem close to yours, their technology was impressive but the design gave visitors no way in to trust it.
https://prismport.co/case-studies/webless-ai
We rebuilt the brand and narrative around real use cases, and bounce rate dropped 20% while time on page grew 32%, which is the kind of shift a sharper interface could bring for Everlyn too.
Happy to show you how we'd approach yours.","Hey {first-name}, I'll stop here so I'm not crowding your inbox. Whenever the timing's right for a quick chat, I'm around and happy to help."
freepress.ai/,Freepress.ai,design,"generic, unremarkable design","Hey {first-name}, came across Freepress.AI while looking at tech sites.

With a product like this, I'd guess a good chunk of your early users try it after a recommendation or a post they saw, rather than landing totally cold.

That means the site's real job is making that first open feel distinct, and right now it reads as clean and functional but pretty safe, the kind of design that doesn't quite stand out yet.

Is a redesign something you've been considering?","Hey {first-name}, quick context, we're a design and Webflow studio.

We recently worked with Webless AI, an AI product with a similar problem to Freepress, the tech was solid but the site felt generic and gave visitors no way in.

https://prismport.co/case-studies/webless-ai

After the rebuild, bounce rate dropped 20% and time on page grew 32%, that's the kind of shift a first open with more identity could bring for Freepress.

Happy to show you how we'd approach yours.","Hey {first-name}, I'll leave this with you for now. Whenever it feels like the right time, I'd be glad to talk through how we'd approach it."
foodini.co,Foodini,content,content depth and proof,"Hey {first-name}, came across Foodini while looking at eCommerce brands.

For a product like this, I'd guess most of your traction so far has come from direct outreach and people who already trust the team.

Which means the site's real job right now is convincing a technical buyer who's landing cold that the engine actually works.

Right now it explains the offering clearly, but doesn't give that visitor much concrete proof to hang onto.

Is building that proof out on the site something you're thinking about?","Hey {first-name}, quick context, we're a design and Webflow studio.

We recently worked with NewsCatcherAPI, an enterprise API product, on a close version of this, their site described the offering but wasn't showing technical buyers how the workflows actually held up.

https://prismport.co/case-studies/newscatcher

Session time went from around 20 seconds to over 3 minutes, 3,600% more engagement, once we restructured around real use cases and built interactive animations to explain what was actually happening under the hood, that's the kind of proof I'd want a cold technical visitor to Foodini to run into.

Happy to sketch out how we'd approach that for you.","Hey {first-name}, I'll leave this with you for now. Whenever it feels like the right time, I'd be glad to talk through how we'd approach it."
www.dexari.com,Dexari,design,"generic crypto-app design pattern, not reflecting the self-custody/serious-trader positioning","Hey {first-name}, came across Dexari while looking at crypto and web3 products.

With $2.3M raised and content built around self-custody and named partnerships, I'd guess you're going after serious traders who already know the space, not casual browsers.

The copy already does that work well, specifics, partnerships, an executive endorsement. The design reads as solid but fairly close to every other crypto app out there, so it's not quite matching how sharp the positioning is.

Is a redesign something you're considering?","Hey {first-name}, quick context, we're a design and Webflow studio.

We worked with Webless AI, an AI search company, on a problem close to yours, a technically strong product whose design didn't reflect how serious it actually was. We rebuilt the brand from scratch and restructured the narrative around real use cases.

https://prismport.co/case-studies/webless-ai

Bounce rate dropped 20% and time on page grew 32%, for Dexari that would look like traders actually sticking around long enough to trust the self-custody story you're telling.

Happy to sketch out how we'd approach that for Dexari, if useful.","Hey {first-name}, I'll leave this with you for now. Whenever it feels like the right time, I'd be glad to talk through how we'd approach it."
www.famished.io,Famished,design,design lacks a distinctive visual voice,"Hey {first-name}, came across Famished while looking at AI tools.

With content this clear about helping people find food they love, I'd guess the writing is already doing a lot of the convincing.

The design is clean and competent, it just plays it safe compared to how sharp the content already is, and for a discovery product, the look is what makes someone stop scrolling in the first place.

Is a refresh something you're considering?","Hey {first-name}, quick context, we're a design and Webflow studio.

We worked with YourCulture, a media and entertainment brand, on something close to what I raised with Famished, their site was a single page that said almost nothing next to how expressive their brand actually was.

https://prismport.co/case-studies/your-culture

We rebuilt it with expressive typography and motion and it still scored 97 on Lighthouse, with perfect accessibility and SEO, that's the kind of distinctive first impression a discovery product like Famished could use to turn more scrolls into stays.

Happy to show you how we'd approach yours if that's useful.","Hey {first-name}, I'll leave this with you for now. Whenever it feels like the right time, I'd be glad to talk through how we'd approach it."
alpha.melee.markets/,Melee,content,thin content that doesn't explain the product,"Hey {first-name}, came across Melee while looking at crypto and web3 products.

Raising funding for something this new usually means the hard part was proving the mechanism works, not explaining it in plain terms yet, so I'd guess the site still assumes people already get what Melee is before they land.

The design's clean and well put together, but the copy doesn't quite spell out how it works yet, which matters most for someone landing cold and deciding whether to try it.

Is building out the site something you're thinking about?","Hey {first-name}, quick context, we're a design and Webflow studio.

We worked with Qmin AI, a SaaS product where first-time visitors couldn't place what it actually did, which was close to the problem on Melee, explaining a new mechanism to someone landing cold.

https://prismport.co/case-studies/qmin

We rebuilt the experience around one focused narrative, and now the whole product lands in under 60 seconds, which is the kind of clarity that matters most for someone deciding whether to try Melee at all.

Happy to show you how we'd approach it for Melee.","Hey {first-name}, I'll leave this with you for now. Whenever it feels like the right time, I'd be glad to talk through how we'd approach it."
rangerx.ai,Ranger AI,content,content depth and credibility,"Hey {first-name}, came across Ranger AI while looking at AI tools.

Raising funding and selling into manufacturers usually means your buyers are deliberate, technical people who do real diligence before trusting a new vendor with their bid process. I'd guess the site's job right now is less about first impressions and more about giving those buyers enough specifics to feel sure.

Right now the copy is clear but a bit light on the concrete detail and proof that kind of buyer looks for, and closing that gap could turn more of those careful evaluators into real conversations.

Is building out the site something you're thinking about?","Hey {first-name}, quick context, we're a design and Webflow studio.

We worked with Amalia, a life sciences company, on something close to what you're navigating, giving deliberate, technical manufacturing buyers a site with enough depth to build real trust.

https://prismport.co/case-studies/amalia-tech

We built it as a component system their own team could extend, and around 25 of the 44 pages were built by their own non-technical team, which is the kind of depth that gives careful buyers more to evaluate.

Happy to show you how we'd approach something similar for Ranger AI.","Hey {first-name}, I'll leave this with you for now. Whenever it feels like the right time, I'd be glad to talk through how we'd approach it."
docs.vocode.dev/,Vocode,content,"documentation site reads as generic, not distinctive for an open-source project trying to build a community","Hey {first-name}, came across Vocode while looking at AI tools.

I'd guess most people landing on the docs are already searching for exactly this, so the site's real job is turning that curiosity into someone who actually installs it and starts building.

The core docs are clean and easy to follow, good bones. Where there's room is depth and proof, the kind of concrete detail that gets a developer to commit rather than bookmark it for later.

Is building out the docs and content something you're thinking about?","Hey {first-name}, quick context, we're a design and Webflow studio.

We worked with NewsCatcherAPI, an API product whose docs explained the what but not enough of the how, close to where Vocode's docs are right now.

https://prismport.co/case-studies/newscatcher

Session time went from around 20 seconds to over 3 minutes, 3,600% more engagement, once we restructured around real use cases and built out the depth, that's the kind of shift that turns a bookmark into an install for Vocode.

Happy to show you how we'd approach it for the docs.","Hey {first-name}, I'll leave this with you for now. Whenever it feels like the right time, I'd be glad to talk through how we'd approach it."
movethechain.com,Move the Chain,content,"generic, buzzword-heavy copy","Hey {first-name}, came across Move the Chain while looking at consumer apps.

Raising funding and building something about belonging at work, I'd guess a good chunk of your signups already know your story, through the round, through word of mouth.

Which means the site's real job right now is landing that pitch fast for people meeting you cold, and right now some of the copy leans on language that's pretty familiar across startup sites, which can make that harder than it needs to be.

Is sharpening up the messaging something you've been thinking about?","Hey {first-name}, quick context, we're a design and Webflow studio.

We worked with Qmin AI, a SaaS platform, on a close version of this, their product was strong but first-time visitors couldn't place what made it different fast enough, so we rebuilt the page around a single focused narrative.

https://prismport.co/case-studies/qmin

The whole product now lands in under 60 seconds, which is the kind of shift I'd expect once Move the Chain's copy actually says what makes you different, right when cold visitors are forming that first impression.

Happy to show you how we'd approach it for Move the Chain.","Hey {first-name}, I'll leave this with you for now. Whenever it feels like the right time, I'd be glad to talk through how we'd approach it."
entendre.ai,Entendre Finance,content,credibility gap versus the depth of the product content,"Hey {first-name}, came across Entendre while looking at crypto and web3 products.

With $4M raised and this much detail on how the product actually works, I'd guess a lot of your early traction came from people who already trusted the problem was real and you were solving it, more than cold visitors landing and deciding fast.

The product explanation on the site is genuinely clear, UI examples and all. The piece that's thinner is the outside proof, the kind of detail that turns a cold visitor into a lead, which matters more for something touching accounting and compliance.

Is building that out something you're thinking about?","Hey {first-name}, quick context, we're a design and Webflow studio.

We worked with NewsCatcherAPI, an enterprise API for news intelligence, on a close version of your problem, their product was solid but the single-page site wasn't giving serious visitors a reason to stay or trust it. We restructured around real use cases and built out the proof points around them.

https://prismport.co/case-studies/newscatcher

Session time went from around 20 seconds to over 3 minutes, 3,600% more engagement, and for Entendre, that same kind of restructuring around real proof is what would turn a cold, compliance-minded visitor into someone who trusts the product enough to reach out.

Happy to show you how we'd approach yours.","Hey {first-name}, I'll leave this with you for now. Whenever it feels like the right time, I'd be glad to talk through how we'd approach it."
studdyai.com,Studdy,content,credibility relying on implied affiliation rather than proof,"Hey {first-name}, came across Studdy while looking at consumer apps.

With traffic still fairly small and 2.3 million raised, I'd guess most of your early users come in through schools or parents talking to each other, not the site itself.

Which means the site's real job is winning over the cold visitor, and right now the credibility leans a lot on implied university ties rather than anything explicit, so there's room to make that trust land faster.

Is building that out more something you're thinking about?","Hey {first-name}, quick context, we're a design and Webflow studio.

We recently worked with Webless AI, an AI product, on a problem close to yours, the technology was solid but the site gave cold visitors no clear way to trust or place what it actually did.

https://prismport.co/case-studies/webless-ai

We rebuilt the brand and narrative around real use cases, and bounce rate dropped 20% while time on page grew 32%, for Studdy that could mean parents and admins landing on the site and getting real trust signals instead of just inferring them.

Happy to show you how we'd approach it for Studdy.","Hey {first-name}, no rush on this at all. If it ever moves up your list, I'm happy to jump on a quick call and show you what we'd do."
www.iframe.ai,iFrame,design,"generic/safe design despite strong, differentiated content","Hey {first-name}, came across iFrame while looking at health tech sites. Quick context, we're a design and Webflow studio.

I'd guess most of the work so far went into getting the message right, since the content reads exceptionally clear and well differentiated for a technical buyer.

The site itself feels safe and average next to writing that strong, which is a gap worth closing given the funding you've raised.

Is a redesign something you're considering?","Hey {first-name}, quick context, we're a design and Webflow studio.

We recently worked with Webless AI, a generative AI search product, on a close version of this. Their technology was impressive, but the site gave visitors no way in, so we rebuilt the brand from scratch and made the product tangible with custom animation.

https://prismport.co/case-studies/webless-ai

Bounce rate dropped 20% and time on page grew 32%, which is the kind of shift a distinctive design could bring to iFrame given how strong the content already is.

Happy to show you how we'd approach yours.","Hey {first-name}, no rush on this at all. If it ever moves up your list, I'm happy to jump on a quick call and show you what we'd do."
coolant.earth,Coolant,content,lack of customer proof points,"Hey {first-name}, came across Coolant while looking at climate and energy tech sites.

I'd guess most of the trust you've built so far comes from direct conversations, forestry contacts, pilot partners, people who've actually seen the tech work.

Right now the site explains what you do clearly, but there's no customer name or number backing the claim yet, so a cold visitor has to take the science on faith.

Even a couple of real proof points would let the site do some of that trust building on its own.

Is building that out something you're thinking about?","Hey {first-name}, quick context, we're a design and Webflow studio.

We worked with NewsCatcherAPI, an enterprise API company whose single-page site wasn't giving technical visitors enough to trust the product, close to what's happening with Coolant and cold visitors weighing the science without proof points.

https://prismport.co/case-studies/newscatcher

After restructuring around real use cases, session time went from around 20 seconds to over 3 minutes, 3,600% more engagement, which is the kind of shift you'd see once real customer proof is doing some of that trust building for you.

Happy to show you how we'd approach it for Coolant if useful.","Hey {first-name}, I'll leave this with you for now. Whenever it feels like the right time, I'd be glad to talk through how we'd approach it."
www.findmodality.com/,Modality,content,content depth and credibility,"Hey {first-name}, came across Modality while looking at health tech sites. I'd guess most of your early traction comes from direct relationships in that world, not cold visitors finding you and signing up on their own. Which means the site's job is really building the same trust a warm intro gives. Right now it reads clean and easy to follow, but a little light on the depth and proof a healthcare buyer usually wants before committing. Is building out the site something you're thinking about?","Hey {first-name}, quick context, we're a design and Webflow studio.

We recently worked with NewsCatcherAPI, an enterprise news intelligence API used by companies like Samsung, on a problem close to yours, their site was too thin to give serious buyers the depth they needed to trust the product.
https://prismport.co/case-studies/newscatcher
After we restructured the content around real use cases, session time went from around 20 seconds to over 3 minutes, 3,600% more engagement, which is the kind of shift that happens once a healthcare buyer can actually find the depth and proof they're looking for on Modality. Happy to walk you through how we'd approach yours if useful.","Hey {first-name}, I'll leave this with you for now. Whenever it feels like the right time, I'd be glad to talk through how we'd approach it."
www.curatelabs.ai,Curate Labs,content,generic content lacking specific proof points for a B2B technical buyer,"Hey {first-name}, came across Curate Labs while looking at AI tools.

With a pitch this specific, SMS-based AI for HVAC and solar technicians, I'd guess most people who land on the site already get the rework problem you're solving, so the site's real job is proving it fast to someone brand new to it.

Right now the copy stays pretty general on the details and proof, which is the one thing that can slow down a technical buyer deciding to trust it.

Is building out the site with more specifics something you're thinking about?","Hey {first-name}, quick context, we're a design and Webflow studio.

We recently worked with NewsCatcherAPI, an enterprise API product, on a close version of your problem, a site that stayed too general to hold a technical buyer's attention. We restructured it around real use cases and added interactive walkthroughs to show specifics instead of claims.

https://prismport.co/case-studies/newscatcher

Session time went from around 20 seconds to over 3 minutes, 3,600% more engagement, which is the kind of shift that happens when a technical buyer finally sees proof instead of generalities.

Happy to sketch out how something similar could work for the SMS workflow you're building.","Hey {first-name}, I'll leave this with you for now. Whenever it feels like the right time, I'd be glad to talk through how we'd approach it."
business.tartle.co,TARTLE,design,surface-level explanations + generic design (53),"Hey {first-name}, came across TARTLE while looking at B2B SaaS sites.
An ethical, two-sided data marketplace is a genuinely interesting model, and the site explains the mission well.
The product explanations stay a bit surface-level though, and the design is fairly generic, so there's real room to make both the marketplace edge and the brand land harder.
A sharper, fuller site would help the people who find you actually get what you've built.
Is leveling up the site something you're thinking about?","Hey {first-name}, quick context, we're a design and Webflow studio.
We worked with Webless AI, an AI company, on a close version of this. Their generative search tech was strong, but the site gave visitors no real way into it.
https://prismport.co/case-studies/webless-ai
After we rebuilt the brand and restructured the story around real use cases, bounce rate dropped 20% and time on page grew 32%, and I'd expect a sharper site to help TARTLE's marketplace model land the same way.
Happy to sketch out how we'd approach yours if useful.","Hey {first-name}, I'll leave this with you for now. Whenever it feels like the right time, I'd be glad to talk through how we'd approach it."
atomscale.ws,Atomscale,content,credibility and technical depth of the copy for serious technical buyers,"Hey {first-name}, came across Atomscale while looking at AI tools.

Raising funding for a platform like this usually means your buyers are scientists and technical leads, people who want to see real depth before they trust the pitch.

The copy on the site is clear, it explains a complex problem well, but for buyers evaluating a scientific claim, a bit more technical depth and proof could be what turns a curious visit into a real conversation.

Is building out the site something you're thinking about?","Hey {first-name}, quick context, we're a design and Webflow studio.

We recently worked with NewsCatcherAPI, an enterprise news intelligence API used by Samsung and major financial institutions, on a problem close to yours, their single page site wasn't giving technical buyers enough depth to understand the real workflows behind the product.

https://prismport.co/case-studies/newscatcher

We restructured the site around real use cases and built interactive animations to explain complex workflows, and session time went from around 20 seconds to over 3 minutes, 3,600% more engagement, that's the kind of shift deeper technical depth and proof could bring for Atomscale's buyers too.

Happy to show you how we'd approach it for your site.","Hey {first-name}, I'll leave this with you for now. Whenever it feels like the right time, I'd be glad to talk through how we'd approach it."
hybrd.com,HYBRD,design,design lacks distinctive craft,"Hey {first-name}, came across HYBRD while looking at consumer apps.

For a product built around tracking your own progress, I'd guess the app itself is where most of the craft and personality live, and the site is more of a clean placeholder in front of it.

Right now the app screenshots are honestly the most engaging part of the page. Giving the site that same level of visual craft would help it feel like a real extension of the product for anyone meeting HYBRD cold.

Is a refresh something you're considering?","Hey {first-name}, quick context, we're a design and Webflow studio.

We worked with Webless AI, an AI product, on a close version of this. The tech was impressive but the site's design didn't carry that same level of craft.

https://prismport.co/case-studies/webless-ai

After the rebuild, bounce rate dropped 20% and time on page grew 32%. That's the kind of shift I'd expect once HYBRD's site matches the polish already in the app.

Happy to show you how we'd approach yours.","Hey {first-name}, I'll leave this with you for now. Whenever it feels like the right time, I'd be glad to talk through how we'd approach it."
quadrata.com/,Quadrata,design,design distinctiveness / sparse layout,"Hey {first-name}, came across Quadrata while looking at crypto and web3 products.

I'd guess most of the people landing on your site already know you somewhat, protocols and partners who found you through the network itself, not cold traffic comparing options.

Which is probably why the design plays it safe. It's clean and readable, but there's a lot of empty space below the hero that undersells how substantial the product actually is to anyone meeting you cold.

Is a redesign something you've thought about at all?","Hey {first-name}, quick context, we're a design and Webflow studio.

We recently worked with Webless AI, in the AI space, on a problem close to yours, their product was technical and genuinely impressive, but the site gave cold visitors no way to grasp that.

https://prismport.co/case-studies/webless-ai

After the rebuild, bounce rate dropped 20% and time on page grew 32%, which is the kind of shift that matters when partners and auditors are landing on Quadrata cold and need to get it fast.

Happy to show you how we'd approach yours.","Hey {first-name}, I'll leave this with you for now. Whenever it feels like the right time, I'd be glad to talk through how we'd approach it."
valyu.ai,Valyu,design,"generic, unremarkable visual design despite strong content","Hey {first-name}, came across Valyu while looking at AI tools.

With the benchmark data and the pitch you've already got on the page, I'd guess most people who convert today already came in curious.

The design is clean but reads close to a lot of other startup sites right now, which matters more for the technical folks landing cold and sizing up the data before they trust it.

Is a redesign something you're considering?","Hey {first-name}, quick context, we're a design and Webflow studio.

We recently worked with Webless AI, an AI search company, on a problem close to yours: the technology was strong but the site's design didn't make that easy to trust at a glance.

https://prismport.co/case-studies/webless-ai

Bounce rate dropped 20% and time on page grew 32% after the rebuild, which is the kind of shift you'd expect once the design matches the credibility of the data behind it.

Happy to show you how we'd approach something similar for Valyu.","Hey {first-name}, I'll leave this with you for now. Whenever it feels like the right time, I'd be glad to talk through how we'd approach it."
omniinstrument.com/,Omni Instrument,content,the site reads like a placeholder rather than a built-out site,"Hey {first-name}, came across Omni Instrument while looking at AI tools.

Raising funding before the site's fully built out usually just means the team's been focused on the product, not the marketing.

Right now the site reads more like an early placeholder than something that shows what you've actually built, and for folks evaluating an AI manufacturing tool, that first impression carries a lot of weight.

Is building out the site something you're thinking about?","Hey {first-name}, quick context, we're a design and Webflow studio.

We recently worked with Webless AI, an AI company whose product was strong but whose site gave visitors no way to grasp it, which felt close to where Omni's site is right now.

https://prismport.co/case-studies/webless-ai

We rebuilt the brand and narrative around real use cases, and bounce rate dropped 20% while time on page grew 32%, that kind of shift is what a built-out site could do for how people evaluate Omni.

Happy to show you how we'd approach yours.","Hey {first-name}, I'll leave this with you for now. Whenever it feels like the right time, I'd be glad to talk through how we'd approach it."
www.abcxchange.com,ABCXchange,design,"generic, safe design for a fundraising/VC-facing platform","Hey {first-name}, came across ABCXchange while looking at AI tools.

Raising on a platform that connects startups with VCs and LPs, I'd guess most of your early traction came through direct intros and warm circles, rather than someone cold discovering the site and deciding to trust it on sight.

The copy actually does a good job explaining what you do, but the design itself reads as a safe, competent startup site rather than one built for people deciding whether to trust real capital to it.

Is a redesign something you're considering?","Hey {first-name}, quick context, we're a design and Webflow studio.

We worked with Webless AI, an AI search company, on a close version of this. Their technology was impressive but the site gave cold visitors no way in and no reason to trust what they were looking at, similar to LPs and VCs landing on ABCXchange without warm context.

https://prismport.co/case-studies/webless-ai

We rebuilt the brand and narrative around real use cases, and bounce rate dropped 20% while time on page grew 32%. That's the kind of shift ABCXchange would feel with cold capital deciding whether to trust it on sight.

Happy to show you how we'd approach yours.","Hey {first-name}, I'll leave this with you for now. Whenever it feels like the right time, I'd be glad to talk through how we'd approach it."
mosaic.so,Mosaic,performance,slow first load on the editing tool site,"Hey {first-name}, came across Mosaic while looking at AI tools.

Building an agent for video editing means people expect the product itself to feel quick and capable from the first click, so I'd guess most visitors are already curious about AI editors and just need that first impression to match what Mosaic can actually do.

Right now the site takes about 4 seconds to load on a real connection, which is enough time for someone comparing tools to bounce before they see the product in action.

Is site speed something you've been looking at?","Hey {first-name}, quick context, we're a design and Webflow studio.

We worked with Studio Artegra, a creative agency, on a close problem, their site already looked strong but was slow under the surface.

https://prismport.co/case-studies/studio-artegra

We went page by page and got performance improved by over 25% across the site, which is the kind of gap that would fix Mosaic's 4 second load.

Happy to show you how we'd approach it for Mosaic if that's useful.","Hey {first-name}, I'll leave this with you for now. Whenever it feels like the right time, I'd be glad to talk through how we'd approach it."
hud.ai,hud,performance,load speed,"Hey {first-name}, came across hud while looking at AI tools.

I'd guess most of your traffic right now is researchers and technical folks who already know the space and are patient enough to wait it out.

The people who matter next are the ones landing cold, comparing you to a couple other tabs, and right now the site takes about 3 seconds to load and feels a touch laggy when you tap around, which is exactly what costs you in that moment.

Is speed on your radar at all?","Hey {first-name}, quick context, we're a design and Webflow studio.

We worked with Studio Artegra, a creative agency, on a close version of this: their site looked strong but was slow and a bit janky across devices under the surface.

https://prismport.co/case-studies/studio-artegra

Performance improved by over 25% across the site once we went through it page by page, that's the kind of gap that would close for hud too.

Happy to walk through how we'd approach the same for hud.","Hey {first-name}, I'll leave this with you for now. Whenever it feels like the right time, I'd be glad to talk through how we'd approach it."
pangolin.net,Pangolin,design,"generic, competent-but-not-distinctive design","Hey {first-name}, came across Pangolin while looking at dev tools.

Being open-source, I'd guess most of your users find you through GitHub or word of mouth in the self-hosting world, already sold before they land on the site.

Which means the site's real job is winning over the person landing cold and comparing you to a few other gateway options. Right now it reads clean but pretty similar to a lot of other startup sites, which makes that harder than it needs to be.

Is a refresh something you've thought about?","Hey {first-name}, quick context, we're a design and Webflow studio.

We worked with Webless AI, a generative AI search company, on a close version of your problem, a technical product that visitors couldn't get a read on fast enough to trust it over alternatives.

https://prismport.co/case-studies/webless-ai

After the rebuild, bounce rate dropped 20% and time on page grew 32%, that's the kind of shift that would help Pangolin hold onto someone comparing you against other gateway tools.

Happy to show you how we'd approach yours.","Hey {first-name}, I'll leave this with you for now. Whenever it feels like the right time, I'd be glad to talk through how we'd approach it."
news.agpt.co,AutoGPT,design,the generic UI beneath the strong background illustration,"Hey {first-name}, came across AutoGPT while looking at AI tools.

For an open source project like this, I'd guess most of your credibility comes from the work itself, GitHub, the community, people already in the space vouching for you, not the site doing the convincing.

Which means the site's real job is winning over the people landing cold with no context. Right now the background illustration makes a strong first impression, but the UI underneath and the plain section at the bottom don't carry that same craft, so it fades fast.

Is a refresh something you've thought about?","Hey {first-name}, quick context, we're a design and Webflow studio.

We worked with Webless AI, an AI product in a similar spot, the underlying technology was strong but the site's design didn't carry that same weight, so we rebuilt the brand and the visual craft around it.

https://prismport.co/case-studies/webless-ai

After that, bounce rate dropped 20% and time on page grew 32%, and that's the kind of shift a stronger UI under that AutoGPT illustration could bring for you.

Happy to sketch out how we'd approach it for AutoGPT if useful.","Hey {first-name}, I'll leave this with you for now. Whenever it feels like the right time, I'd be glad to talk through how we'd approach it."
www.califixcompliance.com/,Califix Compliance,design,"generic, safe visual design","Hey {first-name}, came across Califix Compliance while looking at climate and energy tech sites.

Selling into that world, I'd guess most of your early customers came through direct outreach or industry trust rather than finding you cold online, that's usually how compliance tools land their first accounts.

Which means the site's real job is convincing a skeptical buyer who's never heard of you that this is serious and built to last, and right now the design reads clean but pretty safe next to how strong your copy already is.

Is a redesign something you've thought about?","Hey {first-name}, quick context, we're a design and Webflow studio.

We worked with Amalia, a life sciences company guiding pharma manufacturers through dense regulated work, on a close version of this, they needed a site that read as serious and authoritative to a technical, skeptical audience.

https://prismport.co/case-studies/amalia-tech

We built it as a component system so the design stayed consistent no matter who touched it, and around 25 of the 44 pages ended up being built by their own non-technical team. For Califix, that same kind of structured, deliberate design is what would help a skeptical compliance buyer take the site seriously on first look.

Happy to show you how we'd approach something similar for Califix.","Hey {first-name}, I'll leave this with you for now. Whenever it feels like the right time, I'd be glad to talk through how we'd approach it."
vetano.com,Vetano,performance,"slow real-user load time (5.36s, poor rating)","Hey {first-name}, came across Vetano while looking at eCommerce brands.

For a platform built on verification instead of resumes, I'd guess most of your traffic is employers and candidates who already decided to check you out, not people just browsing.

Which means the site's real job is not losing them in the first few seconds. Right now the site takes a while to load for real visitors, and at your traffic even a small slice of people bouncing there adds up to a real number of employers and candidates never seeing how the verification works.

Is speed on your radar at all?","Hey {first-name}, quick context, we're a design and Webflow studio.

We worked with Flatable, a two sided proptech marketplace, on a problem close to yours, keeping both sides of the platform moving fast instead of losing people on load.

https://prismport.co/case-studies/flatable

We rebuilt it around its two user journeys and got it to 95 on PageSpeed, on both desktop and mobile, which is the kind of margin that would matter a lot at Vetano's traffic. Happy to show you how we'd approach it for Vetano.","Hey {first-name}, I'll leave this with you for now. Whenever it feels like the right time, I'd be glad to talk through how we'd approach it."
warmwind.com,warmwind,performance,slow first load,"Hey {first-name}, came across warmwind while looking at AI tools.

Raising funding on a visual automation product usually means people need to actually watch it work to get it, so I'd guess most of your conversion depends on someone loading the site and seeing the product move in the first few seconds.

Right now that first load is landing around 4 seconds, which is exactly the window where someone deciding whether to trust a new AI tool either sees it work or clicks away before they do.

Is site speed something you're looking at?","Hey {first-name}, quick context, we're a design and Webflow studio.

We recently worked with Studio Artegra, a creative agency site that already looked strong but was slow under the surface, close to the load time issue warmwind is dealing with.

https://prismport.co/case-studies/studio-artegra

We went page by page and performance improved by over 25% across the site, which for warmwind means people actually staying long enough to watch the product work instead of clicking away during that first load.

Happy to show you how we'd approach warmwind.","Hey {first-name}, I'll leave this with you for now. Whenever it feels like the right time, I'd be glad to talk through how we'd approach it."
corethink.ai/,CoreThink,design,design that plays it safe compared to the depth of the product,"Hey {first-name}, came across CoreThink while looking at AI tools.

With funding in and content this thought through, I'd guess most people landing on the site already have context, warm intros, direct conversations, people who arrive half sold.

The writing backs that up, it's genuinely clear and well argued. The design around it is solid but fairly standard dark mode tech, so it's not doing as much work yet convincing someone landing cold.

Is a refresh something you've been considering?","Hey {first-name}, quick context, we're a design and Webflow studio.

We recently worked with Webless AI, another AI platform, on a close version of what CoreThink is dealing with, technology that was genuinely impressive but a design that gave visitors no way into it.

https://prismport.co/case-studies/webless-ai

Bounce rate dropped 20% and time on page grew 32%, that's the kind of shift a design that matches the product's depth could bring to CoreThink too.

Happy to show you how we'd approach yours.","Hey {first-name}, I'll leave this with you for now. Whenever it feels like the right time, I'd be glad to talk through how we'd approach it."
markprompt.com/,Markprompt,design,"generic, undifferentiated design for an AI product","Hey {first-name}, came across Markprompt while looking at AI tools. With a raise behind you and content that already explains the product clearly, I'd guess most of the effort went into getting the message right. The design reads clean but pretty generic next to that, and for an AI tool, the look is often the first thing people use to judge if it's trustworthy. Is a redesign something you're considering?","Hey {first-name}, quick context, we're a design and Webflow studio. We recently worked with Webless AI, another AI product, on a similar problem to yours, a technical, abstract tool whose design wasn't giving people a way in or a reason to trust it. We rebuilt the brand from scratch and restructured the narrative around real use cases.
https://prismport.co/case-studies/webless-ai
Bounce rate dropped 20% and time on page grew 32%, that's the kind of shift a design refresh could bring for Markprompt's cold visitors. Happy to show you how we'd approach yours.","Hey {first-name}, I'll leave this with you for now. Whenever it feels like the right time, I'd be glad to talk through how we'd approach it."
dodo.ai,Dodo,performance,slow first load,"Hey {first-name}, came across Dodo while looking at AI tools.

I'd guess most of your traction so far comes from direct outreach and demos, clinics hearing about you and then checking out the site, rather than people finding you cold.

Right now the site takes a bit to load on that first visit, and that's exactly the moment someone's deciding whether to book a demo.

Is speed on your radar at all?","Hey {first-name}, quick context, we're a design and Webflow studio.

We worked with Studio Artegra, a creative agency, on something close to what Dodo's dealing with, a site that looked good but was slow under the surface.

https://prismport.co/case-studies/studio-artegra

We went page by page and performance improved by over 25% across the site, which is the kind of gain that'd matter most on that first load for Dodo.

Happy to show you how we'd approach it for Dodo.","Hey {first-name}, no rush on this at all. If it ever moves up your list, I'm happy to jump on a quick call and show you what we'd do."
solfart.io,Solfart,design,visual craft and coherence,"Hey {first-name}, came across Solfart while looking at crypto and web3 products.

Raising funding for a coin like this usually means the community's already sold, telegram, Twitter, word of mouth doing the heavy lifting.

So the site's real job is closing the people who land cold and are still deciding if it's legit. Right now the look leans loud over clear, which is worth fixing given the content underneath is actually more specific than most presale pages.

Is a redesign something you're considering?","Hey {first-name}, quick context, we're a design and Webflow studio.

We recently worked with YourCulture, a media and fan-community brand, on a close version of your problem, a site that leaned loud but wasn't landing with cold visitors. We rebuilt it with two clear journeys and more deliberate visual craft.

https://prismport.co/case-studies/your-culture

It ended up scoring 97 on Lighthouse, with perfect accessibility and SEO, and for Solfart that same shift would mean cold visitors get a clean, coherent first impression instead of a loud one while they're still deciding if it's legit.

Happy to show you how we'd approach yours if useful.","Hey {first-name}, I'll leave this with you for now. Whenever it feels like the right time, I'd be glad to talk through how we'd approach it."
www.pods.finance/,Pods,design,design plays it safe for a fintech product built on trust,"Hey {first-name}, came across Pods while looking at crypto and web3 products.

Raising funding in this space usually means people are finding you through trust first, your investors, your community, word of mouth, so I'd guess the site's real job is winning over the colder visitors who haven't heard of you yet.

The content's actually strong, clear on features and how integration works. The design reads competent and clean, but plays it pretty safe for a product asking people to trust it with their crypto.

Is a redesign something you're considering?","Hey {first-name}, quick context, we're a design and Webflow studio.

We recently worked with Webless AI, an AI search company, on a problem close to yours, their tech was strong but the site gave visitors no real way in or reason to trust what they were looking at. We rebuilt the brand and narrative around real use cases, with animation to make the abstract product feel tangible.

https://prismport.co/case-studies/webless-ai

Bounce rate dropped 20% and time on page grew 32%, which is exactly the kind of shift that matters for Pods, turning a colder visitor's first look into something that reads as trustworthy, not just clean. Happy to show you how we'd approach yours.","Hey {first-name}, I'll leave this with you for now. Whenever it feels like the right time, I'd be glad to talk through how we'd approach it."
herheadquarters.app/,HerHeadquarters,content,thin content that doesn't explain the offer,"Hey {first-name}, came across HerHeadquarters while looking at tech sites.

Being early stage and building something that connects people, I'd guess most of your trust so far comes from direct outreach and community, not the site explaining itself cold.

That's a great way to grow this early, but it means the page is doing less work than it could for the entrepreneurs and partners who land on it without any context first.

Is building out the site something you're thinking about?","Hey {first-name}, quick context, we're a design and Webflow studio.

We recently worked with Qmin AI, a SaaS platform, and their problem was close to yours, first time visitors couldn't tell what the product actually did from the site alone.

https://prismport.co/case-studies/qmin

We rebuilt the site around one clear narrative so the whole product lands in under 60 seconds, that's the kind of clarity HerHeadquarters could give entrepreneurs landing without context.

Happy to show you how we'd approach yours.","Hey {first-name}, I'll leave this with you for now. Whenever it feels like the right time, I'd be glad to talk through how we'd approach it."
www.dedw3n.com,Dedw3n,design,"unfinished, largely blank homepage design","Hey {first-name}, came across Dedw3n while looking at tech sites.

Raising funding on a product like this usually means the team's been heads down building the actual thing, and the site's been more of a placeholder than a priority.

Right now the homepage reads a bit unfinished, mostly empty space up top, which matters more early on since the site is often the first thing investors and new users see before they see the product.

Is a refresh something you're considering?","Hey {first-name}, quick context, we're a design and Webflow studio.

We worked with YourCulture, a media and entertainment platform, on a close version of this, their site was a single page that said almost nothing, similar to where Dedw3n's homepage is right now.

https://prismport.co/case-studies/your-culture

We built out two full journeys with real design and motion, and it scored 97 on Lighthouse, with perfect accessibility and SEO, that's the kind of finished, credible first impression Dedw3n could have for investors and users alike.

Happy to show you how we'd approach yours.","Hey {first-name}, I'll leave this with you for now. Whenever it feels like the right time, I'd be glad to talk through how we'd approach it."
www.totemlabs.com,Totem Labs,design,"a novel ai hardware product grows on curiosity, so the site ","Hey {first-name}, came across Totem while looking at AI tools.
A new device that changes how people interact is the kind of thing people land on curious, so the site has to do the storytelling.
Right now it works more like a quick product page than a place that sells the idea, so there's real room to give cold visitors the full story behind it.
At around 100k visits a month, a site that actually sells it converts more of those curious people.
Is building out the site something you're thinking about?","Hey {first-name}, quick context, we're a design and Webflow studio.
We worked with Wonder Phone, a consumer hardware brand on Shopify, on a problem close to yours, a genuinely new product whose website read more like a spec sheet than the story behind it.
https://prismport.co/case-studies/wondersimple
We built a scroll driven 3D experience around the product itself, and sales increased by over 50% after launch, that's the kind of lift a story driven site could bring to your 100k monthly visitors.
Happy to show you how we'd approach something similar for Totem.","Hey {first-name}, I'll stop here so I'm not crowding your inbox. Whenever the timing's right for a quick chat, I'm around and happy to help."
www.neurosity.co/,Neurosity,design,intrusive hero popup + generic typography (60),"Hey {first-name}, came across Neurosity while looking at B2B SaaS sites.
A device that helps programmers focus is a genuinely premium product, and your photography and brand colours already do a lot of the work.
The main thing pulling it down is that intrusive popup over the hero, plus the typography and layout could feel more crafted, so there's room to match the polish of the device.
At over 35k visits a month, a sharper first impression converts more buyers.
Is a refresh something you're weighing?","Hey {first-name}, quick context, we're a design and Webflow studio.
We worked with Wonder Phone, a premium hardware brand, on a close version of what you're dealing with: the product was exceptional but the website undersold it. We designed a scroll-driven 3D experience around the phone itself and kept full visual control inside Shopify.
https://prismport.co/case-studies/wondersimple
Sales increased by over 50% after launch, and a similar lift in presentation on Neurosity's hero would carry that same premium feel into more conversions.
Happy to show you how we'd approach yours if that's useful.","Hey {first-name}, I'll stop here so I'm not crowding your inbox. Whenever the timing's right for a quick chat, I'm around and happy to help."
talli.me/,Talli,design,"generic, tropey visual design despite strong copy","Hey {first-name}, came across Talli while looking at health tech sites.

With copy this clear and specific about baby and elder care, I'd guess most of the persuading is already happening in the words themselves.

The design is clean and professional, but it plays it pretty safe, so it doesn't quite match how sharp the writing is. At your traffic, even a small lift in how many cold visitors stop and read adds up to real signups.

Is a refresh something you've thought about?","Hey {first-name}, quick context, we're a design and Webflow studio.

We recently worked with YourCulture, a consumer media brand, on a problem close to yours, their site said almost nothing and didn't match the strength of what they actually offered.

https://prismport.co/case-studies/your-culture

We rebuilt it with two full journeys and bolder, more expressive design, and it still scored 97 on Lighthouse. For Talli, that kind of shift is what would get more cold visitors to actually stop and read your copy. Happy to show you how we'd approach it for Talli.","Hey {first-name}, I'll leave this with you for now. Whenever it feels like the right time, I'd be glad to talk through how we'd approach it."
mentraglass.com,Mentra,design,design distinctiveness,"Hey {first-name}, came across Mentra while looking at AI tools.

For a product like smart glasses that people haven't really seen the shape of yet, I'd guess a good chunk of your early buyers already trust the founders or the category going in.

Which means the site's real job is winning over the people meeting the product cold. Right now it's clean and does its job, but it plays it safe next to how distinctive the product itself is.

Is a redesign something you're considering?","Hey {first-name}, quick context, we're a design and Webflow studio.

We worked with Wonder Phone, a premium consumer hardware brand on Shopify, on a problem close to yours, a genuinely distinctive product with a site that didn't match its ambition. We designed a scroll driven 3D experience around the phone's hinge and kept full visual control while integrating Shopify.

https://prismport.co/case-studies/wondersimple

Sales increased by over 50% after launch, and for Mentra I'd expect that same first impression gap closing with cold visitors, giving them a reason to trust the product before they even read the specs.

Happy to sketch out how we'd approach Mentra's site if that's useful.","Hey {first-name}, no rush on this at all. If it ever moves up your list, I'm happy to jump on a quick call and show you what we'd do."
www.byosaz.com,OSAZ Skin,design,design has real craft but the site plays it conventional in structure,"Hey {first-name}, came across OSAZ Skin while looking at AI tools.

With a personalized, AI-driven product like this, I'd guess most of the trust has to be built right there on the site, since people can't feel the diagnostic or the formulation before they buy.

The photography and color work you've got are already doing real work there, the layout underneath just still reads fairly conventional against how distinctive the product actually is.

Is a refresh something you're considering?","Hey {first-name}, quick context, we're a design and Webflow studio.

We worked with Wonder Phone, a premium consumer product on Shopify, on something close to what you're dealing with, a product that was already exceptional but a site structure that wasn't matching it.

https://prismport.co/case-studies/wondersimple

We designed a scroll driven 3D experience around the product itself, and sales increased by over 50% after launch, that kind of lift is exactly what a more guided, distinctive layout could do for how people experience OSAZ.

Happy to show you how we'd approach it for your site.","Hey {first-name}, I'll leave this with you for now. Whenever it feels like the right time, I'd be glad to talk through how we'd approach it."
www.moberdelivery.com/,Mober Technology,design,generic template design for a funded logistics company,"Hey {first-name}, came across Mober while looking at tech sites.

Raising funding on a Squarespace site usually means it got you here fine, but I'd guess it's starting to undersell the operation more than it shows it.

The content actually does a good job explaining what you do and leaning on the right credibility signals, the design just reads fairly template right now for a company selling trust to B2B fleets.

Is a redesign something you've thought about at all?","Hey {first-name}, quick context, we're a design and Webflow studio.

We worked with Webless AI, an AI search company, on a problem close to yours, their product and story were solid but the design didn't give visitors a way in or a reason to trust it.

https://prismport.co/case-studies/webless-ai

After the rebuild, bounce rate dropped 20% and time on page grew 32%, which is the kind of shift in how B2B fleets perceive Mober in that first look.

Happy to show you how we'd approach something similar for Mober.","Hey {first-name}, I'll leave this with you for now. Whenever it feels like the right time, I'd be glad to talk through how we'd approach it."
www.endora.app,Endora Technologies,design,the gap between the hero art and the rest of the page,"Hey {first-name}, came across Endora while looking at consumer apps.

I'd guess that hero illustration on your site is doing a lot of the heavy lifting right now, it's genuinely great art and sets the tone fast.

The rest of the page, especially further down, doesn't quite match that same level yet, so some visitors might get a strong first impression that fades a bit before they act.

Is a refresh something you've thought about for the rest of the site?","Hey {first-name}, quick context, we're a design and Webflow studio.

We recently worked with YourCulture, a fan community platform in media and entertainment, on a problem close to yours, their site was a single page that didn't carry the same weight as their brand.

https://prismport.co/case-studies/your-culture

We rebuilt it with expressive typography and motion and still scored 97 on Lighthouse, with perfect accessibility and SEO, that same kind of consistency is what would carry Endora's hero polish all the way down the page.

Happy to show you how we'd approach it for Endora if that's useful.","Hey {first-name}, I'll leave this with you for now. Whenever it feels like the right time, I'd be glad to talk through how we'd approach it."
empidream.com,EMPI DREAM,design,"generic, safe design on a squarespace template","Hey {first-name}, came across EMPI DREAM while looking at tech sites.

Raising funding and still on a pretty template-feeling site usually means the story's ahead of the page, I'd guess most people who download already heard about you somewhere else first.

For an app, the site's often the first real look someone gets before they trust it enough to download, and right now it reads more safe-startup-template than funded product.

Is a refresh something you're considering?","Hey {first-name}, quick context, we're a design and Webflow studio.

We worked with YourCulture, a fan community platform, on a close version of this, their site was a single page that said almost nothing about the product. We built out two full journeys with expressive typography and motion to make it feel like a real product instead of a placeholder.

https://prismport.co/case-studies/your-culture

They ended up with a 97 on Lighthouse with perfect accessibility and SEO, and that same shift from template to considered design is what would help EMPI DREAM feel like a funded product before someone even opens the app store.

Happy to show you how we'd approach yours.","Hey {first-name}, I'll leave this with you for now. Whenever it feels like the right time, I'd be glad to talk through how we'd approach it."
www.deegtal.ai/,Deegtal,content,content depth and clarity for a technical medical buyer,"Hey {first-name}, came across Deegtal while looking at AI tools.

I'd guess a lot of your real interest comes through referrals, clinicians or partners who already trust the science before they land on the site.

The testimonial you've got up is strong, but the rest of the content stays pretty high level for a buyer who wants to understand how the accuracy actually holds up.

Is building out that depth something you're thinking about?","Hey {first-name}, quick context, we're a design and Webflow studio.

We worked with NewsCatcherAPI, an enterprise API used by teams like Samsung, on a problem close to yours, their site wasn't giving serious technical buyers enough to actually evaluate the product.

https://prismport.co/case-studies/newscatcher

We restructured around real use cases with interactive breakdowns, and session time went from around 20 seconds to over 3 minutes, 3,600% more engagement. That's the kind of depth a clinical buyer evaluating Deegtal would want too. Happy to show you how we'd approach it.","Hey {first-name}, I'll leave this with you for now. Whenever it feels like the right time, I'd be glad to talk through how we'd approach it."
www.vytek-it.com/,VyTek,content,"generic, unproven copy for a very ambitious claim","Hey {first-name}, came across VyTek while looking at dev tools.

Raising funding on an idea this big usually means the team's spent most of its energy proving it to investors and partners directly, one on one.

I'd guess the site hasn't had to do that same work yet for someone landing on it cold, which matters since the vision is bold enough that people need something concrete to hold onto.

Is building that out more clearly something you're thinking about?","Hey {first-name}, quick context, we're a design and Webflow studio.

We recently worked with Qmin AI, a SaaS company, on a challenge close to yours, a powerful product that first-time visitors couldn't place fast enough. We rebuilt the experience around one focused narrative with a hero animation walking people through it end to end.

https://prismport.co/case-studies/qmin

The result was the whole product landing in under 60 seconds, which is the kind of clarity a bold vision like VyTek's needs for someone landing on it cold.

Happy to show you how we'd approach that for VyTek if useful.","Hey {first-name}, I'll leave this with you for now. Whenever it feels like the right time, I'd be glad to talk through how we'd approach it."
www.cambercloud.com/,Camber,content,content credibility and proof points,"Hey {first-name}, came across Camber while looking at AI tools. We're a Webflow certified partner, which is actually why I noticed the site.

I'd guess a lot of your early users came in through research circles or word of mouth, people who already trusted the team before they ever hit the site.

The site explains what Camber does clearly, but it's light on the kind of specific proof a scientist or data lead would want before trusting a new tool with their data, and that's exactly what matters most for the visitors who land cold.

Is building out that proof and detail something you're thinking about?","Hey {first-name}, quick context, we're a design and Webflow studio.

We recently worked with Amalia, a life sciences platform, on a problem close to yours, they needed to build credibility with technical, regulated audiences who wouldn't take a new tool at face value.
https://prismport.co/case-studies/amalia-tech

We built the site as a component system so their own non-technical team could maintain it, around 25 of the 44 pages were built by their own team, that's the kind of foundation that would let Camber keep adding the proof points cold scientific visitors need without relying on a dev every time.

Happy to show you how we'd approach yours.","Hey {first-name}, no rush on this at all. If it ever moves up your list, I'm happy to jump on a quick call and show you what we'd do."
quiltt.io,Quiltt,design,"generic, empty-feeling design for a funded API product","Hey {first-name}, came across Quiltt while looking at fintech products.

With how technical and trust-heavy this space is, I'd guess most of your pipeline already arrives warm, referrals, developer word of mouth, people who've read the docs before they ever hit the site.

That's probably why the design leans clean but pretty bare right now, it's not really built to win over the folks landing cold. At your traffic, even a small share of those cold visitors sticking around instead of bouncing adds up to a good number of extra signups a month.

We're a Webflow certified partner, is a redesign something you've thought about?","Hey {first-name}, quick context, we're a design and Webflow studio.

We recently worked with Webless AI, a generative AI search product, on a problem close to yours, a technical product where the design wasn't giving cold visitors any way in.

https://prismport.co/case-studies/webless-ai

We rebuilt the brand and narrative around real use cases, and bounce rate dropped 20% while time on page grew 32%, that's the kind of shift that would mean more of your cold traffic sticking around to read the docs instead of bouncing.

Happy to sketch out how we'd approach this for Quiltt if useful.","Hey {first-name}, I'll leave this with you for now. Whenever it feels like the right time, I'd be glad to talk through how we'd approach it."
peerdb.io/,PeerDB,design,generic dark-mode design not matching content credibility,"Hey {first-name}, came across PeerDB while looking at B2B SaaS sites. Also worth mentioning, we're a Webflow certified partner, which is part of why I noticed the site.

With $4.1M raised and the ClickHouse acquisition behind you, I'd guess most new users already arrive convinced, from the community, GitHub, word of mouth.

Which means the site's real job is winning the visitors who land without that context. Right now it's a clean dark mode template, competent but not carrying the weight of the customer results and benchmarks you've already got on the page.

At your traffic, even a small lift there is a real number of extra signups a month. Is a redesign something you're considering?","Hey {first-name}, quick context, we're a design and Webflow studio.

We worked with NewsCatcherAPI, an enterprise news intelligence API used by Samsung and major financial institutions, on a close version of this. Their credibility was real, but a single page site wasn't keeping pace with it, similar to how PeerDB's benchmarks and named customers are sitting inside a generic dark mode template.

https://prismport.co/case-studies/newscatcher

We restructured the site around their real use cases and built interactive animations to explain the workflows, and session time went from around 20 seconds to over 3 minutes, 3,600% more engagement. For PeerDB, that kind of shift is exactly what turns unconvinced visitors into signups. Happy to show you how we'd approach yours.","Hey {first-name}, I'll leave this with you for now. Whenever it feels like the right time, I'd be glad to talk through how we'd approach it."
www.keephq.dev/,Keep,content,thin proof and generic marketing copy around a genuinely well-built product,"Hey {first-name}, came across Keep while looking at AI tools.

For an open-source product like this, I'd guess a lot of your signups already come in warm, people finding you through GitHub or the community before they ever hit the site.

The product screenshots on the site actually look great, a genuinely well-built app. The marketing page around it just doesn't carry quite the same proof or specificity yet, which matters most for the visitors who land cold. At the traffic you're getting, even a small lift there is a real number of signups a month.

Is building out the site something you're thinking about?","Hey {first-name}, quick context, we're a design and Webflow studio.

We recently worked with NewsCatcherAPI, an enterprise API product, on a problem close to yours, a genuinely strong technical product whose site wasn't giving cold visitors enough to go on.

https://prismport.co/case-studies/newscatcher

Session time went from around 20 seconds to over 3 minutes, 3,600% more engagement, which is the kind of lift that matters most for the visitors landing on Keep with no prior context.

Happy to show you how we'd approach the same for Keep.","Hey {first-name}, I'll leave this with you for now. Whenever it feels like the right time, I'd be glad to talk through how we'd approach it."
palettehq.com/en,Palette,other,cookie consent bug (Google Ads cookies set before consent),"Hey {first-name}, came across Palette while looking at B2B SaaS sites. With a product like this, buying it usually means a real evaluation cycle, so I'd guess most of your traffic is people already in a sales conversation or checking things before a renewal, not cold discovery. That's probably why the site leans polished and detailed, custom mockups, clean typography, it reads well exactly when someone's double checking before they sign. We're a Webflow certified partner and mostly work with teams at this stage. Is refining that experience for evaluators something on your radar?","Hey {first-name}, quick context, we're a design and Webflow studio.

We worked with Qmin AI, a SaaS platform, on a problem close to yours, their product was strong but first-time visitors, often mid evaluation, couldn't quickly place what it did or why it mattered.

https://prismport.co/case-studies/qmin

After the rebuild, the whole product lands in under 60 seconds, which is exactly what someone double checking Palette before a renewal or signature needs too.

Happy to walk you through how we'd approach it for Palette if useful.","Hey {first-name}, I'll leave this with you for now. Whenever it feels like the right time, I'd be glad to talk through how we'd approach it."
www.laudable.com,Laudable,content,content depth and specificity of proof,"Hey {first-name}, came across Laudable while looking at consumer apps.

I'd guess that since you build detailed, authentic stories for other brands, your own site's copy plays it a bit safer than what you'd actually produce for a client.

The site's clean and the hierarchy works well, but a bit more specificity on how the stories get made and used could help it convert more of the people landing on it cold.

Is building out the site something you're thinking about?","Hey {first-name}, quick context, we're a design and Webflow studio.

We worked with NewsCatcherAPI, an enterprise API company, on a problem close to yours, their site explained what the product did but didn't give visitors enough real substance to stay with it, so we restructured the content around actual use cases.

https://prismport.co/case-studies/newscatcher

Session time went from around 20 seconds to over 3 minutes, 3,600% more engagement, that's the kind of lift going into specifics on how your stories get made could do for Laudable.

Happy to show you how we'd approach yours.","Hey {first-name}, I'll leave this with you for now. Whenever it feels like the right time, I'd be glad to talk through how we'd approach it."
www.yac.com/,Yac,design,"generic, forgettable visual design","Hey {first-name}, came across Yac while looking at tech sites.

We're a Webflow certified partner, which is part of why I'm reaching out.

With a few different products under one name, I'd guess a good chunk of your users already come in curious or referred, so the site's real job is winning over the smaller group landing cold.

Right now the design is clean and professional, but it reads pretty close to a standard dark theme, which gives those cold visitors less to hold onto. The testimonials do a lot of the trust-building already, a more distinctive look could carry that further.

Is a refresh something you've thought about?","Hey {first-name}, quick context, we're a design and Webflow studio.

We worked with YourCulture, a media and entertainment brand, on a close version of this problem, their site was a single page that said almost nothing distinctive to visitors landing cold.

https://prismport.co/case-studies/your-culture

We rebuilt it with two full journeys, expressive typography, and motion, and it still scored 97 on Lighthouse, with perfect accessibility and SEO, that kind of distinctive look is exactly what would give Yac's cold visitors more to hold onto.

Happy to show you how we'd approach Yac if you're curious.","Hey {first-name}, I'll leave this with you for now. Whenever it feels like the right time, I'd be glad to talk through how we'd approach it."
www.quickture.com,Quickture,content,credibility and clarity of the pitch to cold visitors,"Hey {first-name}, came across Quickture while looking at AI tools. We're a Webflow certified partner, which is actually why I'm reaching out.

I'd guess a good chunk of your early users so far found you through editor circles or word of mouth, not cold search, especially raising close to two million while still building this out.

The features and use cases come through clearly on the site, but for someone landing cold there's not much yet to make them trust it or know what to do next, which matters more once you're past the warm crowd.

Is building out that side of the site something you're thinking about?","Hey {first-name}, quick context, we're a design and Webflow studio.

We recently worked with Qmin AI, a SaaS product, and their problem was close to yours, the product was strong but first time visitors couldn't quickly understand what it did or why to trust it.

https://prismport.co/case-studies/qmin

We rebuilt the site around one clear narrative, and now the whole product lands in under 60 seconds, which is the kind of clarity Quickture's site could give cold visitors who've never heard of you.

Happy to show you how we'd approach it for Quickture.","Hey {first-name}, I'll leave this with you for now. Whenever it feels like the right time, I'd be glad to talk through how we'd approach it."
wallround.de,Wallround,design,design is solid but plays it safe,"Hey {first-name}, came across Wallround while looking at AI tools.

Raising funding as an AI startup usually means the product's a step ahead of the story the site tells. I'd guess that's close to true here too.

The design's clean and clear, but it plays it pretty safe for a team building something as ahead of the curve as this. We're a Webflow certified partner, and that first impression is worth matching to the product.

Is a refresh something you've been considering?","Hey {first-name}, quick context, we're a design and Webflow studio.

We recently worked with Webless AI, in the AI space, on a problem close to what I raised, a genuinely ahead of the curve product where the design wasn't giving people a way in.

https://prismport.co/case-studies/webless-ai

After the rebuild, bounce rate dropped 20% and time on page grew 32%, that's the kind of shift a Wallround refresh could bring to how people experience the site on the way in.

Happy to show you how we'd approach yours.","Hey {first-name}, I'll leave this with you for now. Whenever it feels like the right time, I'd be glad to talk through how we'd approach it."
www.iyotah.com,iYOTAH Solutions,design,"generic, template-feeling design against genuinely strong, specific content","Hey {first-name}, came across iYOTAH while looking at tech sites.

Since we're a Webflow certified partner, your site caught my eye, it's built on Webflow already.

I'd guess a lot of your trust gets built directly with operators before they ever land on the site, so the page's real job is just backing that up.

The writing on there does that well, the testimonials are specific and genuinely convincing.

The look around it reads a bit more generic and templated though, which can undersell how solid the substance actually is.

Is a refresh something you've thought about?","Hey {first-name}, quick context, we're a design and Webflow studio.

We worked with Webless AI, a generative AI search company, on a close version of this, their technology was impressive but the site's look wasn't giving people a way in, so the substance wasn't landing.

https://prismport.co/case-studies/webless-ai

After rebuilding the brand and narrative around real use cases, bounce rate dropped 20% and time on page grew 32%, that's the kind of lift a sharper look could give the testimonials already doing good work on iYOTAH.

Happy to show you how we'd approach it for iYOTAH if useful.","Hey {first-name}, no rush on this at all. If it ever moves up your list, I'm happy to jump on a quick call and show you what we'd do."
www.xironetic.com,Xironetic,content,"content clarity, the page drifting into unrelated grid-system text","Hey {first-name}, came across Xironetic while looking at tech sites.

Given the space you're in, I'd guess most people landing on the site are already warm, a referral, a hospital contact, someone from a conference, not people finding you cold through search.

Which makes it worth the copy holding together the whole way through. Right now it opens strong on the device itself, then partway down it drifts into what reads like leftover grid layout documentation, right when someone's paying close attention.

Is tightening up the content something you're thinking about?","Hey {first-name}, quick context, we're a design and Webflow studio.

We worked on something similar with Qmin AI, a SaaS product, their pitch had real substance but the story didn't hold together end to end, so visitors couldn't quite place what they were looking at, close to what's happening with Xironetic's page drifting midway.

https://prismport.co/case-studies/qmin

We rebuilt it so the whole product lands in under 60 seconds, that kind of end to end clarity is exactly what would carry Xironetic's page through to the finish. Happy to show you how we'd approach yours.","Hey {first-name}, I'll leave this with you for now. Whenever it feels like the right time, I'd be glad to talk through how we'd approach it."
bliss.al/,Bliss,design,design feels safe and generic for a culturally specific product,"Hey {first-name}, came across Bliss while looking at health tech sites. Since you're on Webflow, we're a Webflow certified partner, so this felt worth reaching out about.

Your copy speaks directly to diaspora communities by name, so I'd guess a lot of people land already warm, through community or word of mouth, already trusting the message.

The design right now is clean and competent, but plays it fairly safe. For the people meeting Bliss cold, a look that feels as specific and considered as the writing would carry more of that trust on its own.

Is a redesign something you've thought about?","Hey {first-name}, quick context, we're a design and Webflow studio.

We recently worked with YourCulture, a media and culture brand whose site read as generic and said almost nothing, even though their community message was distinct, close to the gap we saw with Bliss.

https://prismport.co/case-studies/your-culture

We rebuilt it around two full journeys with expressive typography and motion, and it still scored 97 on Lighthouse, with perfect accessibility and SEO. For Bliss, that would mean a look as considered as the writing, without losing speed or polish.

Happy to show you how we'd approach it for Bliss, if useful.","Hey {first-name}, no rush on this at all. If it ever moves up your list, I'm happy to jump on a quick call and show you what we'd do."
drimco.ai,DRIMCo,design,hero impression broken by an unintegrated cookie popup,"Hey {first-name}, came across DRIMCo while looking at AI tools.

With the depth you've put into the content, the specific examples and testimonials, I'd guess the case for DRIM is genuinely strong once someone reads past the first screen.

Right now the cookie popup lands right on top of that first screen, before any of that content gets a chance to make the case.

As a Webflow certified partner, this is the kind of thing we fix constantly. Is that first impression something you're looking at?","Hey {first-name}, quick context, we're a design and Webflow studio.

We worked with Webless AI, a generative AI search company, on a close version of this, their technology was impressive but the site gave visitors no way in before they could see the substance behind it.

https://prismport.co/case-studies/webless-ai

After the rebuild, bounce rate dropped 20% and time on page grew 32%, that's the kind of shift DRIM could see once that first screen is actually making the case instead of getting blocked by the popup.

Happy to show you how we'd approach yours.","Hey {first-name}, no rush on this at all. If it ever moves up your list, I'm happy to jump on a quick call and show you what we'd do."
coinfeeds.ai,Coinfeeds,design,"generic, safe SaaS design that plays it safe visually","Hey {first-name}, came across Coinfeeds while looking at crypto and web3 products.

Raising $2M and still running a pretty standard SaaS page usually means the product's doing the selling on its own, most of your signups probably come through crypto Twitter or dev word of mouth, not the site.

That's a good problem to have, but it also means the site's real job is winning over the person who lands cold and is comparing you against a few other data APIs without any context yet.

Since we're a Webflow certified partner, this is an easy one for us to help with. Is a refresh something you're considering?","Hey {first-name}, quick context, we're a design and Webflow studio.

We recently worked with Webless AI, a generative AI search company, and their problem was close to what we flagged with Coinfeeds. Their tech was impressive but the site gave cold visitors no way to understand it or trust it fast.

https://prismport.co/case-studies/webless-ai

After we rebuilt the brand and narrative around real use cases, bounce rate dropped 20% and time on page grew 32%, exactly the kind of shift that matters when someone's comparing a few data APIs and deciding who looks real.

Happy to show you how we'd approach this for Coinfeeds if useful.","Hey {first-name}, I'll leave this with you for now. Whenever it feels like the right time, I'd be glad to talk through how we'd approach it."
themintable.co,The Mintable,design,design plays it safe,"Hey {first-name}, came across The Mintable while looking at AI tools. I'm a Webflow certified partner, which is partly why I noticed the site.

With frameworks this specific and testimonials that back them up, I'd guess most people who sign up already trust the approach going in.

The design is clean and does the job, but it plays it pretty safe, so a cold visitor has to read a bit before that same trust kicks in.

Is a refresh something you've thought about for the site?","Hey {first-name}, quick context, we're a design and Webflow studio.

We recently worked with YourCulture, a media and entertainment brand, on a similar problem, strong substance behind a site that played it too safe to make a fast first impression.

https://prismport.co/case-studies/your-culture

We rebuilt it with bolder typography and motion and still hit 97 on Lighthouse, with perfect accessibility and SEO, which is the kind of shift that would let The Mintable's frameworks and testimonials land immediately instead of needing a read through first.

Happy to show you how we'd approach yours.","Hey {first-name}, I'll leave this with you for now. Whenever it feels like the right time, I'd be glad to talk through how we'd approach it."
brainspace.revealdata.com,Brainspace,design,"generic, template-like design for an enterprise AI product","Hey {first-name}, came across Brainspace while looking at AI tools. Since we're a Webflow certified partner, thought I'd reach out directly.

For a product this technical, I'd guess most of your pipeline already comes in warm, analysts and enterprise buyers who got pointed your way and know the space.

Which means the site's real job is the visitors meeting Brainspace cold. Right now it reads as a clean, solid template, which can make it harder for them to quickly grasp what makes the technology different.

Is a redesign something you're considering?","Hey {first-name}, quick context, we're a design and Webflow studio.

We worked with Webless AI, a generative AI search company, on something close to what I raised with Brainspace, their technology was genuinely impressive, but the site gave cold visitors no way in to understand it.

https://prismport.co/case-studies/webless-ai

We rebuilt the brand and narrative around real use cases, and bounce rate dropped 20% while time on page grew 32%, that's the kind of shift I'd expect for Brainspace once the design actually carries the sophistication of the product.

Happy to show you how we'd approach it for Brainspace, if useful.","Hey {first-name}, I'll leave this with you for now. Whenever it feels like the right time, I'd be glad to talk through how we'd approach it."
enlaye.com,Enlaye,design,"generic, safe design and thin copy on a Wix site","Hey {first-name}, came across Enlaye while looking at AI tools.

With something built for deep collaboration on contracts, I'd guess most of your users right now are coming in through direct intros and warm outreach, not cold search traffic.

That makes the site's job less about volume and more about landing well the moment someone new does click through, and right now it leans on pretty generic photography and layout for a tool meant to feel precise.

Is a refresh something you've thought about?","Hey {first-name}, quick context, we're a design and Webflow studio.

We worked with Webless AI, an AI search company, on a close version of this. Their technology was impressive, but the site gave visitors no way in, so we rebuilt the brand from scratch and restructured the story around real use cases to make the product feel tangible.

https://prismport.co/case-studies/webless-ai

After the rebuild, bounce rate dropped 20% and time on page grew 32%, that's the kind of shift a refresh could bring for Enlaye, giving the people your intros send over a reason to trust the tool right away.

Happy to show you how we'd approach yours if useful.","Hey {first-name}, I'll leave this with you for now. Whenever it feels like the right time, I'd be glad to talk through how we'd approach it."
niftmint.com,Niftmint,content,content depth and proof,"Hey {first-name}, came across Niftmint while looking at crypto and web3 products.

Selling infrastructure to brands usually means most of your traction comes from direct relationships and outreach, not the site itself.

Which probably means the site's real job is making a brand exec comfortable once they land on it, and right now it explains the idea clearly but is light on the specifics and proof that close that gap.

Is building out the site with more depth something you're thinking about?","Hey {first-name}, quick context, we're a design and Webflow studio.

We recently worked with NewsCatcherAPI, an enterprise API business, on a similar challenge to yours, a site that was too thin to build the depth and credibility their buyers needed before saying yes.

https://prismport.co/case-studies/newscatcher

We restructured the site around real use cases with interactive walkthroughs, and session time went from around 20 seconds to over 3 minutes, 3,600% more engagement. That kind of depth is exactly what would help a brand exec feel comfortable with Niftmint faster.

Happy to show you how we'd approach yours.","Hey {first-name}, I'll leave this with you for now. Whenever it feels like the right time, I'd be glad to talk through how we'd approach it."
www.alignmt.ai,ALIGNMT AI,content,content depth and credibility,"Hey {first-name}, came across ALIGNMT AI while looking at health tech sites.

Selling into healthcare compliance and risk teams usually means people want proof before they'll get on a call, so I'd guess a lot of your traction so far has come from direct conversations rather than the site doing the convincing.

Right now the site explains the product clearly, but it's light on the specifics and numbers that kind of buyer tends to look for before trusting a new vendor.

Is building out that depth something you're thinking about?","Hey {first-name}, quick context, we're a design and Webflow studio.

We worked with Amalia, a life sciences platform, on a problem close to yours, they guide pharma manufacturers through dense, regulated work and needed the site to hold real depth without losing consistency as content grew.

https://prismport.co/case-studies/amalia-tech

Around 25 of the 44 pages ended up being built by their own non-technical team, which is the kind of structure that would let you keep adding the specifics a compliance buyer wants without redesigning every time.

Happy to show you how we'd approach that for ALIGNMT AI.","Hey {first-name}, I'll leave this with you for now. Whenever it feels like the right time, I'd be glad to talk through how we'd approach it."
www.cairasurgical.com/,CAIRA Surgical,content,content depth for technical/clinical buyers,"Hey {first-name}, came across CAIRA Surgical while looking at health tech sites.

Selling into surgeons and hospital systems, I'd guess most of your traction comes from clinical relationships and word of mouth in a pretty small world, not people finding you cold online.

Which means the site's real job is holding up once someone goes to check you out before a call, and right now it makes the case well but doesn't quite give a technical buyer the depth to dig in on their own.

Is building out that depth something you're thinking about?","Hey {first-name}, quick context, we're a design and Webflow studio.

We worked with NewsCatcherAPI, an enterprise API company, on a close version of this. Their site made the case but didn't hold up once technical buyers actually tried to dig into how the product worked.

https://prismport.co/case-studies/newscatcher

We restructured the site around real use cases and built interactive walkthroughs of the workflows, and session time went from around 20 seconds to over 3 minutes, 3,600% more engagement. For CAIRA, that would look like giving surgeons and hospital buyers the depth to actually evaluate you before a call.

Happy to show you how we'd approach it for your site.","Hey {first-name}, I'll leave this with you for now. Whenever it feels like the right time, I'd be glad to talk through how we'd approach it."
www.summittechlab.com,Summit Technology Laboratory,design,visual design and brand identity,"Hey {first-name}, came across Summit Technology Laboratory while looking at tech sites.

I'd guess the spatial AR work speaks for itself once people get into a real conversation with your team, the customer stories and testimonial on your site back that up.

The design side hasn't quite caught up to that yet, it reads a bit more like a generic template than the technology behind it.

Is a redesign something you've thought about?","Hey {first-name}, quick context, we're a design and Webflow studio.

We worked with Webless AI, a generative AI search company, on a problem close to yours. Their technology was impressive but the website gave visitors no way into it, so it read as generic instead of credible.

https://prismport.co/case-studies/webless-ai

We rebuilt the brand and narrative around real use cases, and bounce rate dropped 20% while time on page grew 32%, that's the kind of shift a redesign could bring to how people experience the spatial AR work on your site.

Happy to show you how we'd approach yours if that's useful.","Hey {first-name}, I'll leave this with you for now. Whenever it feels like the right time, I'd be glad to talk through how we'd approach it."
elitehrv.com,Elite HRV,design,thin product explanation + generic design (51),"Hey {first-name}, came across Elite HRV while looking at consumer apps.
The institutional logos you've got give you real credibility, and I'd guess a lot of your growth runs on that trust and word of mouth.
The site explains the product a bit thinly though, and the design is fairly generic, so there's room to make both the substance and the brand land harder for people arriving cold.
At over 110k visits a month, a sharper, fuller site converts more of them.
Is a refresh on your radar?","Hey {first-name}, quick context, we're a design and Webflow studio.
We did something similar for Webless AI, an AI company, whose product was strong but the site was generic and didn't do it justice, which is close to what's happening on Elite HRV.
https://prismport.co/case-studies/webless-ai
Bounce rate dropped 20% and time on page grew 32% once the brand and story matched the product, and at your traffic that kind of shift moves a lot of people.
Happy to sketch out how we'd approach Elite HRV's site whenever you've got a minute.","Hey {first-name}, no rush on this at all. If it ever moves up your list, I'm happy to jump on a quick call and show you what we'd do."
www.float.co.za/,Float,performance,real-user load poor (4.6s),"Hey {first-name}, came across Float while looking at fintech products.
Interest-free monthly payments backed by strong partner logos is a clear, trusted pitch.
The one thing with real room is speed, the site is slow to load right now, which is friction at the exact moment a shopper is deciding to use it.
At around 90k visits a month, getting that fast keeps more of those shoppers converting.
Is site performance something you're looking at?","Hey {first-name}, quick context, we're a design and Webflow studio.
We worked with Studio Artegra, a creative agency, on a close version of this, their site looked strong but was slow under the surface, so we went page by page fixing what was dragging it down.
https://prismport.co/case-studies/studio-artegra
Performance improved by over 25% across the site, that's the kind of gain that would keep more of your 90k monthly visitors converting at checkout.
Happy to show you how we'd approach yours.","Hey {first-name}, I'll stop here so I'm not crowding your inbox. Whenever the timing's right for a quick chat, I'm around and happy to help."
home.payground.com,PayGround,content,"generic, safe design and copy that doesn't stand out in a category built on trust","Hey {first-name}, came across PayGround while looking at health tech sites.

I'd guess most of your traction comes from direct sales and provider relationships, healthcare buyers don't usually just stumble onto a payment platform and sign up cold.

Which means the site's real job is holding up under due diligence, and right now it reads clean and professional but plays it fairly safe, similar to a lot of sites in the space.

Is building out the site something you're thinking about?","Hey {first-name}, quick context, we're a design and Webflow studio.

We worked with Amalia, in life sciences, who guide pharma manufacturers through dense, regulated work, a trust and credibility challenge close to what PayGround navigates with healthcare providers.

https://prismport.co/case-studies/amalia-tech

We built their site as a component system that stays consistent no matter who edits it, and around 25 of the 44 pages were built by their own non-technical team, that kind of structure would let PayGround grow the site without it drifting back into something generic.

Happy to sketch out how we'd approach this for PayGround if useful.","Hey {first-name}, I'll leave this with you for now. Whenever it feels like the right time, I'd be glad to talk through how we'd approach it."
www.breezeml.ai/,Breeze Intelligence,content,credibility / proof points in the copy,"Hey {first-name}, came across Breeze Intelligence while looking at AI tools.

Selling protection against generative AI risk to enterprise buyers usually means those buyers are cautious by nature, so I'd guess most of your traction so far has come from direct conversations and warm intros rather than the site closing people cold.

The copy actually explains the product well and has a clear call to action, but there's no named customer or specific proof point yet, which is usually the first thing a cautious enterprise buyer looks for before they'll trust a new vendor.

Is building out that kind of proof on the site something you're thinking about?","Hey {first-name}, quick context, we're a design and Webflow studio.

We recently worked with NewsCatcherAPI, an enterprise news intelligence API used by companies like Samsung and major financial institutions, on a problem close to yours, their site wasn't giving cautious enterprise buyers enough to engage with or trust despite a strong product.

https://prismport.co/case-studies/newscatcher

Session time went from around 20 seconds to over 3 minutes, 3,600% more engagement, which is the kind of shift that matters when enterprise buyers need real reasons to trust a new vendor before they'll take Breeze Intelligence seriously.

Happy to show you how we'd approach building that kind of credibility into yours.","Hey {first-name}, I'll leave this with you for now. Whenever it feels like the right time, I'd be glad to talk through how we'd approach it."
scopimedical.com/,Scopi Medical,content,"thin, generic content for a regulated medical AI product","Hey {first-name}, came across Scopi Medical while looking at health tech sites.

For a product this technical, I'd guess most of your traction so far comes from direct relationships, clinicians and partners who already trust the science, rather than people finding and getting convinced by the site cold.

Right now the page reads as a basic intro, with the regulatory disclaimers doing a lot of the talking, so there's not much for a new visitor to actually evaluate.

Is building out the site something you're thinking about?","Hey {first-name}, quick context, we're a design and Webflow studio.

We recently worked with Webless AI, an AI product, on a problem close to yours, the technology was impressive but the site gave visitors no way in to actually understand it. We rebuilt the brand and restructured the narrative around real use cases so the product became tangible.

https://prismport.co/case-studies/webless-ai

Bounce rate dropped 20% and time on page grew 32%, that's the kind of shift a clearer, more substantive page could bring for Scopi too.

Happy to show you how we'd approach yours.","Hey {first-name}, I'll leave this with you for now. Whenever it feels like the right time, I'd be glad to talk through how we'd approach it."
aav.space,Aurora Avionics,content,content credibility and call to action,"Hey {first-name}, came across Aurora Avionics while looking at tech sites.

Being modular and ITAR-free is the kind of thing that usually gets you found through direct relationships and referrals in the industry, not people landing on the site cold, so I'd guess most visitors already know who you are before they click through.

Which means the site's real job is closing the loop, giving a technical buyer who's already interested the proof and specifics they need to move forward, and right now it explains the product well but doesn't quite back it up or point them anywhere next.

Is building out the site something you're thinking about?","Hey {first-name}, quick context, we're a design and Webflow studio.

We recently worked with NewsCatcherAPI, an enterprise API for technical buyers, on a close version of this. Their APIs power news intelligence for companies like Samsung, but the site was a single thin page that didn't back up the depth of what they'd built, so we restructured it around real use cases and added interactive breakdowns of how it actually works.

https://prismport.co/case-studies/newscatcher

Session time went from around 20 seconds to over 3 minutes, 3,600 percent more engagement, which for Aurora would mean the technical buyers who already know you actually staying on the site long enough to get the proof they came for.

Happy to show you how we'd approach it for Aurora.","Hey {first-name}, I'll leave this with you for now. Whenever it feels like the right time, I'd be glad to talk through how we'd approach it."
assemblelabs.ai,Assemble Labs,design,design has room to feel as distinctive as the product itself,"Hey {first-name}, came across Assemble Labs while looking at AI tools.

With founder-credible, detailed content like yours, I'd guess most visitors already come in technical and ready to read closely. Which means the design's real job isn't explaining, it's making the product feel as sharp as the writing already is.

The custom illustrations and the spec-to-test-generator UI show real craft, it's clearly not a template. There's just room for the overall look to feel as distinctive as what you're building.

Is a refresh something you're considering?","Hey {first-name}, quick context, we're a design and Webflow studio.

We worked with Webless AI, a generative AI search company facing a problem close to yours, the technology was impressive but the website gave visitors no way in to feel that.

https://prismport.co/case-studies/webless-ai

We rebuilt the brand and used animation to make the product tangible, and bounce rate dropped 20% while time on page grew 32%. That's the kind of shift I'd expect if Assemble Labs' design felt as sharp as the product itself.

Happy to show you how we'd approach it for Assemble Labs, if useful.","Hey {first-name}, I'll leave this with you for now. Whenever it feels like the right time, I'd be glad to talk through how we'd approach it."
xerotech.io,XEROTECH LTD,content,content depth outpacing site polish,"Hey {first-name}, came across Xerotech while looking at AI tools.

You've clearly nailed who this is for. The content lays out the privacy-first, multi-model pitch in real detail, which tells me you understand the regulated-team buyer well.

I'd guess a lot of the people who get it are already fairly convinced by the time they're reading, so the design's job is really to make that same clarity land just as fast visually. Right now the layout has a few rough edges, spacing and density mostly, that don't quite match how sharp the writing is.

Is a refresh something you've been considering?","Hey {first-name}, quick context, we're a design and Webflow studio.

We recently worked with Webless AI, a generative AI search product, on a problem close to yours, the technology and story were strong but the site wasn't giving people an easy way in, so we rebuilt the brand and narrative around real use cases with animation to make the abstract product tangible.

https://prismport.co/case-studies/webless-ai

Bounce rate dropped 20% and time on page grew 32%, which is the kind of shift I'd expect for Xerotech once the layout carries the same weight your writing already does.

Happy to sketch out how we'd approach yours if useful.","Hey {first-name}, I'll leave this with you for now. Whenever it feels like the right time, I'd be glad to talk through how we'd approach it."
www.senseticscorp.com,Sensetics,content,depth and proof points for a technical B2B audience,"Hey {first-name}, came across Sensetics while looking at AI tools.

I'd guess most people who really get what you're building need to see it work first, a demo, an intro, someone walking them through it.

Which means the site's real job is convincing a technical buyer cold, from words alone, and right now it introduces the tech well but leaves some of the proof and specifics for later.

Is building that out more something you're thinking about?","Hey {first-name}, quick context, we're a design and Webflow studio.

We recently worked with NewsCatcher, an API company, on a similar challenge to yours, their product powered serious enterprise use cases but the site wasn't giving technical buyers enough to understand it cold.

https://prismport.co/case-studies/newscatcher

We restructured the site around real use cases with interactive animations to explain the workflows, and session time went from around 20 seconds to over 3 minutes, 3,600% more engagement. That's the kind of shift that matters when a technical buyer is deciding whether to book a call.

Happy to show you how we'd approach something similar for Sensetics.","Hey {first-name}, I'll leave this with you for now. Whenever it feels like the right time, I'd be glad to talk through how we'd approach it."
microsurgeonbot.com/,MSBAI,content,unclear product explanation and forgettable core messaging,"Hey {first-name}, came across MSBAI while looking at AI tools.

I'd guess most of the people who find GURU aren't browsing cold, they're coming in through a referral or a conversation already primed to take you seriously.

Which means the site's real job is making a fast, credible case to the people who show up already interested, and right now the core of what GURU actually does takes a bit of digging to land.

Is building out the site something you're thinking about?","Hey {first-name}, quick context, we're a design and Webflow studio.

We recently worked with Qmin AI, a SaaS platform, on a problem close to yours, visitors couldn't quickly place what the product actually did despite strong underlying tech.

https://prismport.co/case-studies/qmin

We rebuilt the experience around one clear narrative and a hero animation, and now the whole product lands in under 60 seconds, which is what warm, technical prospects checking out GURU need to happen fast.

Happy to show you how we'd approach it for MSBAI if useful.","Hey {first-name}, I'll leave this with you for now. Whenever it feels like the right time, I'd be glad to talk through how we'd approach it."
babi4d.com/,Zeus Network,design,design polish relative to funding stage,"Hey {first-name}, came across Zeus Network while looking at crypto and web3 products.

Raising funding in this space usually means a good share of the people who find you already trust the ecosystem or the partners around you, so the site's real job is matching that trust visually.

Right now the layout leans loud and busy rather than precise, which is a strange first impression for something meant to feel secure and dependable. You've clearly got the credibility piece down with the partnerships and game details laid out well.

Is a redesign something you've been considering?","Hey {first-name}, quick context, we're a design and Webflow studio.

We worked with Webless AI, in the AI space, on a problem close to yours, the technology was impressive but the design didn't carry that credibility, it felt disconnected from how serious the product actually was.

https://prismport.co/case-studies/webless-ai

We rebuilt the brand and the narrative around real use cases, and bounce rate dropped 20% while time on page grew 32%, that's the kind of shift that would help Zeus read as precise and dependable instead of loud.

Happy to show you how we'd approach yours if useful.","Hey {first-name}, I'll leave this with you for now. Whenever it feels like the right time, I'd be glad to talk through how we'd approach it."
solopulse.com,SoloPulse,content,clarity of the value proposition for a deep-tech product,"Hey {first-name}, came across SoloPulse while looking at B2B SaaS sites.

Raising funding on tech this technical usually means the people who matter already got the pitch straight from your team, investors, partners, early customers.

Which means the site's real job is convincing someone who's landing cold and has never heard that explanation in person. Right now the content reads a bit thin for how technical the product actually is, so a lot of that first impression is left on the table.

Is building out the site something you're thinking about?","Hey {first-name}, quick context, we're a design and Webflow studio.

We recently worked with Qmin AI, a SaaS company with a genuinely dense product, on close to the same problem, first-time visitors couldn't place what the product actually did.

https://prismport.co/case-studies/qmin

We rebuilt the site around one clear narrative, and now the whole product lands in under 60 seconds. That's the kind of shift SoloPulse's cold visitors need too. Happy to show you how we'd approach it for your site.","Hey {first-name}, I'll leave this with you for now. Whenever it feels like the right time, I'd be glad to talk through how we'd approach it."
